split,video_id,host,episode,episode_group_id,label,frame_count,frames_missing,frames_short_lt_16,audio_exists,flow_exists
train,AN_WILTY_EP15_lie10,AN,15,AN_EP15,1,76,False,False,True,True
train,AN_WILTY_EP15_lie11,AN,15,AN_EP15,1,76,False,False,True,True
train,AN_WILTY_EP15_lie13,AN,15,AN_EP15,1,101,False,False,True,True
train,AN_WILTY_EP15_lie14,AN,15,AN_EP15,1,151,False,False,True,True
train,AN_WILTY_EP15_lie16,AN,15,AN_EP15,1,126,False,False,True,True
train,AN_WILTY_EP15_lie17,AN,15,AN_EP15,1,126,False,False,True,True
train,AN_WILTY_EP15_lie19,AN,15,AN_EP15,1,76,False,False,True,True
train,AN_WILTY_EP15_lie4,AN,15,AN_EP15,1,76,False,False,True,True
train,AN_WILTY_EP15_lie5,AN,15,AN_EP15,1,101,False,False,True,True
train,AN_WILTY_EP15_truth1,AN,15,AN_EP15,0,126,False,False,True,True
train,AN_WILTY_EP15_truth2,AN,15,AN_EP15,0,176,False,False,True,True
train,AN_WILTY_EP15_truth20,AN,15,AN_EP15,0,126,False,False,True,True
train,AN_WILTY_EP15_truth21,AN,15,AN_EP15,0,101,False,False,True,True
train,AN_WILTY_EP15_truth6,AN,15,AN_EP15,0,151,False,False,True,True
train,AN_WILTY_EP15_truth7,AN,15,AN_EP15,0,76,False,False,True,True
train,AN_WILTY_EP15_truth9,AN,15,AN_EP15,0,76,False,False,True,True
train,AN_WILTY_EP16_lie17,AN,16,AN_EP16,1,251,False,False,True,True
train,AN_WILTY_EP16_lie18,AN,16,AN_EP16,1,76,False,False,True,True
train,AN_WILTY_EP16_lie2,AN,16,AN_EP16,1,151,False,False,True,True
train,AN_WILTY_EP16_lie20,AN,16,AN_EP16,1,126,False,False,True,True
train,AN_WILTY_EP16_lie21,AN,16,AN_EP16,1,126,False,False,True,True
train,AN_WILTY_EP16_lie3,AN,16,AN_EP16,1,101,False,False,True,True
train,AN_WILTY_EP16_lie4,AN,16,AN_EP16,1,101,False,False,True,True
train,AN_WILTY_EP16_lie5,AN,16,AN_EP16,1,101,False,False,True,True
train,AN_WILTY_EP16_lie6,AN,16,AN_EP16,1,101,False,False,True,True
train,AN_WILTY_EP16_lie7,AN,16,AN_EP16,1,76,False,False,True,True
train,AN_WILTY_EP16_truth10,AN,16,AN_EP16,0,126,False,False,True,True
train,AN_WILTY_EP16_truth13,AN,16,AN_EP16,0,101,False,False,True,True
train,AN_WILTY_EP16_truth14,AN,16,AN_EP16,0,176,False,False,True,True
train,AN_WILTY_EP16_truth15,AN,16,AN_EP16,0,76,False,False,True,True
train,AN_WILTY_EP16_truth16,AN,16,AN_EP16,0,226,False,False,True,True
train,AN_WILTY_EP16_truth25,AN,16,AN_EP16,0,101,False,False,True,True
train,AN_WILTY_EP16_truth26,AN,16,AN_EP16,0,126,False,False,True,True
train,AN_WILTY_EP16_truth9,AN,16,AN_EP16,0,126,False,False,True,True
train,AN_WILTY_EP17_lie14,AN,17,AN_EP17,1,101,False,False,True,True
train,AN_WILTY_EP17_lie16,AN,17,AN_EP17,1,76,False,False,True,True
train,AN_WILTY_EP17_lie17,AN,17,AN_EP17,1,76,False,False,True,True
train,AN_WILTY_EP17_lie18,AN,17,AN_EP17,1,101,False,False,True,True
train,AN_WILTY_EP17_lie19,AN,17,AN_EP17,1,76,False,False,True,True
train,AN_WILTY_EP17_lie8,AN,17,AN_EP17,1,76,False,False,True,True
train,AN_WILTY_EP17_lie9,AN,17,AN_EP17,1,151,False,False,True,True
train,AN_WILTY_EP17_truth10,AN,17,AN_EP17,0,126,False,False,True,True
train,AN_WILTY_EP17_truth4,AN,17,AN_EP17,0,76,False,False,True,True
train,AN_WILTY_EP17_truth7,AN,17,AN_EP17,0,76,False,False,True,True
train,AN_WILTY_EP18_lie10,AN,18,AN_EP18,1,145,False,False,True,True
train,AN_WILTY_EP18_lie14,AN,18,AN_EP18,1,145,False,False,True,True
train,AN_WILTY_EP18_lie15,AN,18,AN_EP18,1,145,False,False,True,True
train,AN_WILTY_EP18_lie17,AN,18,AN_EP18,1,73,False,False,True,True
train,AN_WILTY_EP18_lie18,AN,18,AN_EP18,1,121,False,False,True,True
train,AN_WILTY_EP18_lie20,AN,18,AN_EP18,1,121,False,False,True,True
train,AN_WILTY_EP18_lie21,AN,18,AN_EP18,1,169,False,False,True,True
train,AN_WILTY_EP18_lie22,AN,18,AN_EP18,1,97,False,False,True,True
train,AN_WILTY_EP18_lie6,AN,18,AN_EP18,1,73,False,False,True,True
train,AN_WILTY_EP18_lie8,AN,18,AN_EP18,1,73,False,False,True,True
train,AN_WILTY_EP18_truth1,AN,18,AN_EP18,0,121,False,False,True,True
train,AN_WILTY_EP18_truth19,AN,18,AN_EP18,0,97,False,False,True,True
train,AN_WILTY_EP18_truth23,AN,18,AN_EP18,0,97,False,False,True,True
train,AN_WILTY_EP18_truth5,AN,18,AN_EP18,0,73,False,False,True,True
train,AN_WILTY_EP19_lie10,AN,19,AN_EP19,1,97,False,False,True,True
train,AN_WILTY_EP19_lie11,AN,19,AN_EP19,1,97,False,False,True,True
train,AN_WILTY_EP19_lie12,AN,19,AN_EP19,1,121,False,False,True,True
train,AN_WILTY_EP19_lie13,AN,19,AN_EP19,1,97,False,False,True,True
train,AN_WILTY_EP19_lie14,AN,19,AN_EP19,1,73,False,False,True,True
train,AN_WILTY_EP19_lie15,AN,19,AN_EP19,1,121,False,False,True,True
train,AN_WILTY_EP19_lie17,AN,19,AN_EP19,1,97,False,False,True,True
train,AN_WILTY_EP19_lie18,AN,19,AN_EP19,1,121,False,False,True,True
train,AN_WILTY_EP19_lie19,AN,19,AN_EP19,1,97,False,False,True,True
train,AN_WILTY_EP19_lie2,AN,19,AN_EP19,1,169,False,False,True,True
train,AN_WILTY_EP19_lie7,AN,19,AN_EP19,1,121,False,False,True,True
train,AN_WILTY_EP19_lie8,AN,19,AN_EP19,1,121,False,False,True,True
train,AN_WILTY_EP19_lie9,AN,19,AN_EP19,1,121,False,False,True,True
train,AN_WILTY_EP19_truth20,AN,19,AN_EP19,0,145,False,False,True,True
train,AN_WILTY_EP19_truth21,AN,19,AN_EP19,0,73,False,False,True,True
train,AN_WILTY_EP19_truth4,AN,19,AN_EP19,0,73,False,False,True,True
train,AN_WILTY_EP19_truth6,AN,19,AN_EP19,0,97,False,False,True,True
train,AN_WILTY_EP20_lie12,AN,20,AN_EP20,1,169,False,False,True,True
train,AN_WILTY_EP20_lie13,AN,20,AN_EP20,1,73,False,False,True,True
train,AN_WILTY_EP20_lie14,AN,20,AN_EP20,1,97,False,False,True,True
train,AN_WILTY_EP20_lie15,AN,20,AN_EP20,1,217,False,False,True,True
train,AN_WILTY_EP20_lie16,AN,20,AN_EP20,1,121,False,False,True,True
train,AN_WILTY_EP20_lie5,AN,20,AN_EP20,1,73,False,False,True,True
train,AN_WILTY_EP20_lie6,AN,20,AN_EP20,1,121,False,False,True,True
train,AN_WILTY_EP20_lie7,AN,20,AN_EP20,1,145,False,False,True,True
train,AN_WILTY_EP20_lie9,AN,20,AN_EP20,1,97,False,False,True,True
train,AN_WILTY_EP20_truth1,AN,20,AN_EP20,0,97,False,False,True,True
train,AN_WILTY_EP20_truth11,AN,20,AN_EP20,0,145,False,False,True,True
train,AN_WILTY_EP20_truth3,AN,20,AN_EP20,0,121,False,False,True,True
train,AN_WILTY_EP20_truth4,AN,20,AN_EP20,0,97,False,False,True,True
train,AN_WILTY_EP23_truth1,AN,23,AN_EP23,0,151,False,False,True,True
train,AN_WILTY_EP23_truth2,AN,23,AN_EP23,0,126,False,False,True,True
train,AN_WILTY_EP23_truth4,AN,23,AN_EP23,0,126,False,False,True,True
train,AN_WILTY_EP23_truth6,AN,23,AN_EP23,0,151,False,False,True,True
train,AN_WILTY_EP23_truth8,AN,23,AN_EP23,0,76,False,False,True,True
train,AN_WILTY_EP24_lie1,AN,24,AN_EP24,1,76,False,False,True,True
train,AN_WILTY_EP24_lie13,AN,24,AN_EP24,1,101,False,False,True,True
train,AN_WILTY_EP24_lie16,AN,24,AN_EP24,1,251,False,False,True,True
train,AN_WILTY_EP24_lie17,AN,24,AN_EP24,1,126,False,False,True,True
train,AN_WILTY_EP24_lie2,AN,24,AN_EP24,1,251,False,False,True,True
train,AN_WILTY_EP24_lie3,AN,24,AN_EP24,1,126,False,False,True,True
train,AN_WILTY_EP24_lie4,AN,24,AN_EP24,1,151,False,False,True,True
train,AN_WILTY_EP24_lie5,AN,24,AN_EP24,1,151,False,False,True,True
train,AN_WILTY_EP24_lie6,AN,24,AN_EP24,1,176,False,False,True,True
train,AN_WILTY_EP24_lie7,AN,24,AN_EP24,1,176,False,False,True,True
train,AN_WILTY_EP24_lie9,AN,24,AN_EP24,1,176,False,False,True,True
train,AN_WILTY_EP24_truth11,AN,24,AN_EP24,0,101,False,False,True,True
train,AN_WILTY_EP24_truth12,AN,24,AN_EP24,0,76,False,False,True,True
train,AN_WILTY_EP24_truth8,AN,24,AN_EP24,0,76,False,False,True,True
train,AN_WILTY_EP25_lie10,AN,25,AN_EP25,1,251,False,False,True,True
train,AN_WILTY_EP25_lie11,AN,25,AN_EP25,1,251,False,False,True,True
train,AN_WILTY_EP25_lie3,AN,25,AN_EP25,1,101,False,False,True,True
train,AN_WILTY_EP25_lie7,AN,25,AN_EP25,1,126,False,False,True,True
train,AN_WILTY_EP25_lie8,AN,25,AN_EP25,1,101,False,False,True,True
train,AN_WILTY_EP25_lie9,AN,25,AN_EP25,1,101,False,False,True,True
train,AN_WILTY_EP25_truth5,AN,25,AN_EP25,0,251,False,False,True,True
train,AN_WILTY_EP26_lie15,AN,26,AN_EP26,1,226,False,False,True,True
train,AN_WILTY_EP26_lie16,AN,26,AN_EP26,1,201,False,False,True,True
train,AN_WILTY_EP26_lie17,AN,26,AN_EP26,1,151,False,False,True,True
train,AN_WILTY_EP26_truth10,AN,26,AN_EP26,0,126,False,False,True,True
train,AN_WILTY_EP26_truth11,AN,26,AN_EP26,0,76,False,False,True,True
train,AN_WILTY_EP26_truth12,AN,26,AN_EP26,0,76,False,False,True,True
train,AN_WILTY_EP26_truth13,AN,26,AN_EP26,0,251,False,False,True,True
train,AN_WILTY_EP26_truth2,AN,26,AN_EP26,0,151,False,False,True,True
train,AN_WILTY_EP26_truth3,AN,26,AN_EP26,0,201,False,False,True,True
train,AN_WILTY_EP26_truth7,AN,26,AN_EP26,0,251,False,False,True,True
train,AN_WILTY_EP26_truth8,AN,26,AN_EP26,0,176,False,False,True,True
train,AN_WILTY_EP26_truth9,AN,26,AN_EP26,0,126,False,False,True,True
train,AN_WILTY_EP27_lie1,AN,27,AN_EP27,1,76,False,False,True,True
train,AN_WILTY_EP27_lie11,AN,27,AN_EP27,1,126,False,False,True,True
train,AN_WILTY_EP27_lie12,AN,27,AN_EP27,1,101,False,False,True,True
train,AN_WILTY_EP27_lie2,AN,27,AN_EP27,1,151,False,False,True,True
train,AN_WILTY_EP27_lie3,AN,27,AN_EP27,1,226,False,False,True,True
train,AN_WILTY_EP27_truth10,AN,27,AN_EP27,0,126,False,False,True,True
train,AN_WILTY_EP27_truth13,AN,27,AN_EP27,0,101,False,False,True,True
train,AN_WILTY_EP27_truth16,AN,27,AN_EP27,0,126,False,False,True,True
train,AN_WILTY_EP27_truth6,AN,27,AN_EP27,0,101,False,False,True,True
train,AN_WILTY_EP27_truth8,AN,27,AN_EP27,0,251,False,False,True,True
train,AN_WILTY_EP28_lie3,AN,28,AN_EP28,1,101,False,False,True,True
train,AN_WILTY_EP28_lie6,AN,28,AN_EP28,1,176,False,False,True,True
train,AN_WILTY_EP28_truth14,AN,28,AN_EP28,0,126,False,False,True,True
train,AN_WILTY_EP28_truth15,AN,28,AN_EP28,0,101,False,False,True,True
train,AN_WILTY_EP28_truth7,AN,28,AN_EP28,0,201,False,False,True,True
train,AN_WILTY_EP28_truth8,AN,28,AN_EP28,0,151,False,False,True,True
train,AN_WILTY_EP28_truth9,AN,28,AN_EP28,0,126,False,False,True,True
train,BRI_WILTY_EP57_lie_10,BRI,57,BRI_EP57,1,76,False,False,True,True
train,BRI_WILTY_EP57_lie_11,BRI,57,BRI_EP57,1,126,False,False,True,True
train,BRI_WILTY_EP57_lie_17,BRI,57,BRI_EP57,1,126,False,False,True,True
train,BRI_WILTY_EP57_lie_18,BRI,57,BRI_EP57,1,101,False,False,True,True
train,BRI_WILTY_EP57_lie_19,BRI,57,BRI_EP57,1,151,False,False,True,True
train,BRI_WILTY_EP57_lie_20,BRI,57,BRI_EP57,1,101,False,False,True,True
train,BRI_WILTY_EP57_lie_23,BRI,57,BRI_EP57,1,126,False,False,True,True
train,BRI_WILTY_EP57_truth_1,BRI,57,BRI_EP57,0,101,False,False,True,True
train,BRI_WILTY_EP57_truth_15,BRI,57,BRI_EP57,0,76,False,False,True,True
train,BRI_WILTY_EP57_truth_2,BRI,57,BRI_EP57,0,151,False,False,True,True
train,BRI_WILTY_EP57_truth_24,BRI,57,BRI_EP57,0,76,False,False,True,True
train,BRI_WILTY_EP57_truth_25,BRI,57,BRI_EP57,0,101,False,False,True,True
train,BRI_WILTY_EP57_truth_26,BRI,57,BRI_EP57,0,76,False,False,True,True
train,BRI_WILTY_EP57_truth_27,BRI,57,BRI_EP57,0,126,False,False,True,True
train,BRI_WILTY_EP57_truth_28,BRI,57,BRI_EP57,0,76,False,False,True,True
train,BRI_WILTY_EP57_truth_29,BRI,57,BRI_EP57,0,126,False,False,True,True
train,BRI_WILTY_EP57_truth_3,BRI,57,BRI_EP57,0,76,False,False,True,True
train,BRI_WILTY_EP57_truth_30,BRI,57,BRI_EP57,0,126,False,False,True,True
train,BRI_WILTY_EP57_truth_32,BRI,57,BRI_EP57,0,101,False,False,True,True
train,BRI_WILTY_EP57_truth_4,BRI,57,BRI_EP57,0,101,False,False,True,True
train,BRI_WILTY_EP57_truth_5,BRI,57,BRI_EP57,0,76,False,False,True,True
train,BRI_WILTY_EP57_truth_8,BRI,57,BRI_EP57,0,76,False,False,True,True
train,BRI_WILTY_EP57_truth_9,BRI,57,BRI_EP57,0,126,False,False,True,True
train,BRI_WILTY_EP58_lie_16,BRI,58,BRI_EP58,1,101,False,False,True,True
train,BRI_WILTY_EP58_lie_19,BRI,58,BRI_EP58,1,176,False,False,True,True
train,BRI_WILTY_EP58_lie_2,BRI,58,BRI_EP58,1,76,False,False,True,True
train,BRI_WILTY_EP58_lie_21,BRI,58,BRI_EP58,1,151,False,False,True,True
train,BRI_WILTY_EP58_lie_23,BRI,58,BRI_EP58,1,101,False,False,True,True
train,BRI_WILTY_EP58_lie_24,BRI,58,BRI_EP58,1,176,False,False,True,True
train,BRI_WILTY_EP58_lie_26,BRI,58,BRI_EP58,1,151,False,False,True,True
train,BRI_WILTY_EP58_lie_27,BRI,58,BRI_EP58,1,151,False,False,True,True
train,BRI_WILTY_EP58_lie_28,BRI,58,BRI_EP58,1,176,False,False,True,True
train,BRI_WILTY_EP58_lie_30,BRI,58,BRI_EP58,1,76,False,False,True,True
train,BRI_WILTY_EP58_lie_31,BRI,58,BRI_EP58,1,151,False,False,True,True
train,BRI_WILTY_EP58_lie_32,BRI,58,BRI_EP58,1,76,False,False,True,True
train,BRI_WILTY_EP58_lie_33,BRI,58,BRI_EP58,1,76,False,False,True,True
train,BRI_WILTY_EP58_lie_34,BRI,58,BRI_EP58,1,126,False,False,True,True
train,BRI_WILTY_EP58_lie_4,BRI,58,BRI_EP58,1,176,False,False,True,True
train,BRI_WILTY_EP58_truth_10,BRI,58,BRI_EP58,0,151,False,False,True,True
train,BRI_WILTY_EP58_truth_11,BRI,58,BRI_EP58,0,176,False,False,True,True
train,BRI_WILTY_EP58_truth_14,BRI,58,BRI_EP58,0,176,False,False,True,True
train,BRI_WILTY_EP58_truth_6,BRI,58,BRI_EP58,0,76,False,False,True,True
train,BRI_WILTY_EP58_truth_7,BRI,58,BRI_EP58,0,151,False,False,True,True
train,BRI_WILTY_EP58_truth_8,BRI,58,BRI_EP58,0,101,False,False,True,True
train,BRI_WILTY_EP58_truth_9,BRI,58,BRI_EP58,0,151,False,False,True,True
train,BRI_WILTY_EP59_deception_20,BRI,59,BRI_EP59,1,226,False,False,True,True
train,BRI_WILTY_EP59_deception_21,BRI,59,BRI_EP59,1,126,False,False,True,True
train,BRI_WILTY_EP59_deception_23,BRI,59,BRI_EP59,1,76,False,False,True,True
train,BRI_WILTY_EP59_deception_26,BRI,59,BRI_EP59,1,101,False,False,True,True
train,BRI_WILTY_EP59_lie_10,BRI,59,BRI_EP59,1,201,False,False,True,True
train,BRI_WILTY_EP59_lie_11,BRI,59,BRI_EP59,1,126,False,False,True,True
train,BRI_WILTY_EP59_lie_13,BRI,59,BRI_EP59,1,126,False,False,True,True
train,BRI_WILTY_EP59_lie_14,BRI,59,BRI_EP59,1,76,False,False,True,True
train,BRI_WILTY_EP59_lie_15,BRI,59,BRI_EP59,1,101,False,False,True,True
train,BRI_WILTY_EP59_truth_19,BRI,59,BRI_EP59,0,201,False,False,True,True
train,BRI_WILTY_EP59_truth_2,BRI,59,BRI_EP59,0,101,False,False,True,True
train,BRI_WILTY_EP59_truth_3,BRI,59,BRI_EP59,0,201,False,False,True,True
train,BRI_WILTY_EP59_truth_4,BRI,59,BRI_EP59,0,76,False,False,True,True
train,BRI_WILTY_EP59_truth_5,BRI,59,BRI_EP59,0,201,False,False,True,True
train,BRI_WILTY_EP59_truth_7,BRI,59,BRI_EP59,0,76,False,False,True,True
train,BRI_WILTY_EP59_truth_8,BRI,59,BRI_EP59,0,251,False,False,True,True
train,BRI_WILTY_EP59_truth_9,BRI,59,BRI_EP59,0,176,False,False,True,True
train,BRI_WILTY_EP60_lie_13,BRI,60,BRI_EP60,1,101,False,False,True,True
train,BRI_WILTY_EP60_lie_14,BRI,60,BRI_EP60,1,101,False,False,True,True
train,BRI_WILTY_EP60_lie_19,BRI,60,BRI_EP60,1,101,False,False,True,True
train,BRI_WILTY_EP60_lie_23,BRI,60,BRI_EP60,1,76,False,False,True,True
train,BRI_WILTY_EP60_lie_24,BRI,60,BRI_EP60,1,151,False,False,True,True
train,BRI_WILTY_EP60_lie_9,BRI,60,BRI_EP60,1,176,False,False,True,True
train,BRI_WILTY_EP60_truth_1,BRI,60,BRI_EP60,0,101,False,False,True,True
train,BRI_WILTY_EP60_truth_10,BRI,60,BRI_EP60,0,76,False,False,True,True
train,BRI_WILTY_EP60_truth_11,BRI,60,BRI_EP60,0,101,False,False,True,True
train,BRI_WILTY_EP60_truth_12,BRI,60,BRI_EP60,0,101,False,False,True,True
train,BRI_WILTY_EP60_truth_3,BRI,60,BRI_EP60,0,101,False,False,True,True
train,BRI_WILTY_EP60_truth_4,BRI,60,BRI_EP60,0,76,False,False,True,True
train,BRI_WILTY_EP60_truth_5,BRI,60,BRI_EP60,0,126,False,False,True,True
train,BRI_WILTY_EP60_truth_7,BRI,60,BRI_EP60,0,101,False,False,True,True
train,BRI_WILTY_EP61_lie_1,BRI,61,BRI_EP61,1,126,False,False,True,True
train,BRI_WILTY_EP61_lie_2,BRI,61,BRI_EP61,1,76,False,False,True,True
train,BRI_WILTY_EP61_lie_24,BRI,61,BRI_EP61,1,101,False,False,True,True
train,BRI_WILTY_EP61_lie_25,BRI,61,BRI_EP61,1,101,False,False,True,True
train,BRI_WILTY_EP61_lie_27,BRI,61,BRI_EP61,1,76,False,False,True,True
train,BRI_WILTY_EP61_lie_29,BRI,61,BRI_EP61,1,226,False,False,True,True
train,BRI_WILTY_EP61_lie_3,BRI,61,BRI_EP61,1,76,False,False,True,True
train,BRI_WILTY_EP61_lie_30,BRI,61,BRI_EP61,1,76,False,False,True,True
train,BRI_WILTY_EP61_lie_31,BRI,61,BRI_EP61,1,151,False,False,True,True
train,BRI_WILTY_EP61_lie_37,BRI,61,BRI_EP61,1,76,False,False,True,True
train,BRI_WILTY_EP61_lie_4,BRI,61,BRI_EP61,1,76,False,False,True,True
train,BRI_WILTY_EP61_lie_5,BRI,61,BRI_EP61,1,101,False,False,True,True
train,BRI_WILTY_EP61_lie_7,BRI,61,BRI_EP61,1,126,False,False,True,True
train,BRI_WILTY_EP61_lie_8,BRI,61,BRI_EP61,1,76,False,False,True,True
train,BRI_WILTY_EP61_truth_10,BRI,61,BRI_EP61,0,201,False,False,True,True
train,BRI_WILTY_EP61_truth_11,BRI,61,BRI_EP61,0,126,False,False,True,True
train,BRI_WILTY_EP61_truth_12,BRI,61,BRI_EP61,0,51,False,False,True,True
train,BRI_WILTY_EP61_truth_14,BRI,61,BRI_EP61,0,101,False,False,True,True
train,BRI_WILTY_EP61_truth_15,BRI,61,BRI_EP61,0,76,False,False,True,True
train,BRI_WILTY_EP61_truth_16,BRI,61,BRI_EP61,0,176,False,False,True,True
train,BRI_WILTY_EP61_truth_17,BRI,61,BRI_EP61,0,201,False,False,True,True
train,BRI_WILTY_EP61_truth_19,BRI,61,BRI_EP61,0,176,False,False,True,True
train,BRI_WILTY_EP61_truth_34,BRI,61,BRI_EP61,0,151,False,False,True,True
train,BRI_WILTY_EP61_truth_9,BRI,61,BRI_EP61,0,151,False,False,True,True
train,BRI_WILTY_EP62_lie_14,BRI,62,BRI_EP62,1,226,False,False,True,True
train,BRI_WILTY_EP62_lie_15,BRI,62,BRI_EP62,1,76,False,False,True,True
train,BRI_WILTY_EP62_lie_16,BRI,62,BRI_EP62,1,76,False,False,True,True
train,BRI_WILTY_EP62_lie_24,BRI,62,BRI_EP62,1,126,False,False,True,True
train,BRI_WILTY_EP62_lie_25,BRI,62,BRI_EP62,1,201,False,False,True,True
train,BRI_WILTY_EP62_lie_26,BRI,62,BRI_EP62,1,201,False,False,True,True
train,BRI_WILTY_EP62_lie_27,BRI,62,BRI_EP62,1,226,False,False,True,True
train,BRI_WILTY_EP62_lie_28,BRI,62,BRI_EP62,1,201,False,False,True,True
train,BRI_WILTY_EP62_lie_29,BRI,62,BRI_EP62,1,101,False,False,True,True
train,BRI_WILTY_EP62_lie_30,BRI,62,BRI_EP62,1,76,False,False,True,True
train,BRI_WILTY_EP62_truth_1,BRI,62,BRI_EP62,0,101,False,False,True,True
train,BRI_WILTY_EP62_truth_10,BRI,62,BRI_EP62,0,101,False,False,True,True
train,BRI_WILTY_EP62_truth_12,BRI,62,BRI_EP62,0,101,False,False,True,True
train,BRI_WILTY_EP62_truth_13,BRI,62,BRI_EP62,0,226,False,False,True,True
train,BRI_WILTY_EP62_truth_2,BRI,62,BRI_EP62,0,76,False,False,True,True
train,BRI_WILTY_EP62_truth_20,BRI,62,BRI_EP62,0,101,False,False,True,True
train,BRI_WILTY_EP62_truth_22,BRI,62,BRI_EP62,0,76,False,False,True,True
train,BRI_WILTY_EP62_truth_23,BRI,62,BRI_EP62,0,226,False,False,True,True
train,BRI_WILTY_EP62_truth_3,BRI,62,BRI_EP62,0,126,False,False,True,True
train,BRI_WILTY_EP62_truth_31,BRI,62,BRI_EP62,0,76,False,False,True,True
train,BRI_WILTY_EP62_truth_5,BRI,62,BRI_EP62,0,101,False,False,True,True
train,BRI_WILTY_EP62_truth_6,BRI,62,BRI_EP62,0,76,False,False,True,True
train,BRI_WILTY_EP62_truth_7,BRI,62,BRI_EP62,0,76,False,False,True,True
train,BRI_WILTY_EP62_truth_8,BRI,62,BRI_EP62,0,76,False,False,True,True
train,BRI_WILTY_EP62_truth_9,BRI,62,BRI_EP62,0,101,False,False,True,True
train,BRI_WILTY_EP63_lie_27,BRI,63,BRI_EP63,1,76,False,False,True,True
train,BRI_WILTY_EP63_lie_30,BRI,63,BRI_EP63,1,201,False,False,True,True
train,BRI_WILTY_EP63_truth_10,BRI,63,BRI_EP63,0,101,False,False,True,True
train,BRI_WILTY_EP63_truth_11,BRI,63,BRI_EP63,0,101,False,False,True,True
train,BRI_WILTY_EP63_truth_12,BRI,63,BRI_EP63,0,101,False,False,True,True
train,BRI_WILTY_EP63_truth_13,BRI,63,BRI_EP63,0,201,False,False,True,True
train,BRI_WILTY_EP63_truth_14,BRI,63,BRI_EP63,0,201,False,False,True,True
train,BRI_WILTY_EP63_truth_15,BRI,63,BRI_EP63,0,76,False,False,True,True
train,BRI_WILTY_EP63_truth_18,BRI,63,BRI_EP63,0,151,False,False,True,True
train,BRI_WILTY_EP63_truth_2,BRI,63,BRI_EP63,0,76,False,False,True,True
train,BRI_WILTY_EP63_truth_20,BRI,63,BRI_EP63,0,101,False,False,True,True
train,BRI_WILTY_EP63_truth_22,BRI,63,BRI_EP63,0,126,False,False,True,True
train,BRI_WILTY_EP63_truth_26,BRI,63,BRI_EP63,0,151,False,False,True,True
train,BRI_WILTY_EP63_truth_3,BRI,63,BRI_EP63,0,126,False,False,True,True
train,BRI_WILTY_EP63_truth_4,BRI,63,BRI_EP63,0,126,False,False,True,True
train,BRI_WILTY_EP63_truth_8,BRI,63,BRI_EP63,0,101,False,False,True,True
train,BRI_WILTY_EP63_truth_9,BRI,63,BRI_EP63,0,101,False,False,True,True
train,BRI_WILTY_EP64_lie_10,BRI,64,BRI_EP64,1,151,False,False,True,True
train,BRI_WILTY_EP64_lie_11,BRI,64,BRI_EP64,1,151,False,False,True,True
train,BRI_WILTY_EP64_lie_13,BRI,64,BRI_EP64,1,76,False,False,True,True
train,BRI_WILTY_EP64_lie_14,BRI,64,BRI_EP64,1,151,False,False,True,True
train,BRI_WILTY_EP64_lie_15,BRI,64,BRI_EP64,1,76,False,False,True,True
train,BRI_WILTY_EP64_lie_21,BRI,64,BRI_EP64,1,76,False,False,True,True
train,BRI_WILTY_EP64_lie_23,BRI,64,BRI_EP64,1,126,False,False,True,True
train,BRI_WILTY_EP64_truth_1,BRI,64,BRI_EP64,0,126,False,False,True,True
train,BRI_WILTY_EP64_truth_18,BRI,64,BRI_EP64,0,201,False,False,True,True
train,BRI_WILTY_EP64_truth_19,BRI,64,BRI_EP64,0,126,False,False,True,True
train,BRI_WILTY_EP64_truth_2,BRI,64,BRI_EP64,0,126,False,False,True,True
train,BRI_WILTY_EP64_truth_20,BRI,64,BRI_EP64,0,151,False,False,True,True
train,BRI_WILTY_EP64_truth_3,BRI,64,BRI_EP64,0,101,False,False,True,True
train,BRI_WILTY_EP64_truth_4,BRI,64,BRI_EP64,0,76,False,False,True,True
train,BRI_WILTY_EP64_truth_7,BRI,64,BRI_EP64,0,76,False,False,True,True
train,BRI_WILTY_EP64_truth_9,BRI,64,BRI_EP64,0,101,False,False,True,True
train,BRI_WILTY_EP65_lie_10,BRI,65,BRI_EP65,1,100,False,False,True,True
train,BRI_WILTY_EP65_lie_12,BRI,65,BRI_EP65,1,125,False,False,True,True
train,BRI_WILTY_EP65_lie_17,BRI,65,BRI_EP65,1,101,False,False,True,True
train,BRI_WILTY_EP65_lie_18,BRI,65,BRI_EP65,1,75,False,False,True,True
train,BRI_WILTY_EP65_lie_8,BRI,65,BRI_EP65,1,176,False,False,True,True
train,BRI_WILTY_EP65_lie_9,BRI,65,BRI_EP65,1,126,False,False,True,True
train,BRI_WILTY_EP65_truth_1,BRI,65,BRI_EP65,0,150,False,False,True,True
train,BRI_WILTY_EP65_truth_13,BRI,65,BRI_EP65,0,125,False,False,True,True
train,BRI_WILTY_EP65_truth_16,BRI,65,BRI_EP65,0,151,False,False,True,True
train,BRI_WILTY_EP65_truth_2,BRI,65,BRI_EP65,0,125,False,False,True,True
train,BRI_WILTY_EP65_truth_4,BRI,65,BRI_EP65,0,150,False,False,True,True
train,BRI_WILTY_EP65_truth_5,BRI,65,BRI_EP65,0,151,False,False,True,True
train,BRI_WILTY_EP65_truth_6,BRI,65,BRI_EP65,0,101,False,False,True,True
train,BRI_WILTY_EP65_truth_7,BRI,65,BRI_EP65,0,75,False,False,True,True
train,BRI_WILTY_EP66_lie_12,BRI,66,BRI_EP66,1,175,False,False,True,True
train,BRI_WILTY_EP66_truth_13,BRI,66,BRI_EP66,0,200,False,False,True,True
train,BRI_WILTY_EP66_truth_14,BRI,66,BRI_EP66,0,125,False,False,True,True
train,BRI_WILTY_EP66_truth_16,BRI,66,BRI_EP66,0,76,False,False,True,True
train,BRI_WILTY_EP66_truth_17,BRI,66,BRI_EP66,0,200,False,False,True,True
train,BRI_WILTY_EP66_truth_2,BRI,66,BRI_EP66,0,75,False,False,True,True
train,BRI_WILTY_EP66_truth_3,BRI,66,BRI_EP66,0,101,False,False,True,True
train,BRI_WILTY_EP66_truth_4,BRI,66,BRI_EP66,0,175,False,False,True,True
train,BRI_WILTY_EP66_truth_5,BRI,66,BRI_EP66,0,175,False,False,True,True
train,BRI_WILTY_EP66_truth_6,BRI,66,BRI_EP66,0,249,False,False,True,True
train,BRI_WILTY_EP66_truth_7,BRI,66,BRI_EP66,0,225,False,False,True,True
train,BRI_WILTY_EP66_truth_8,BRI,66,BRI_EP66,0,200,False,False,True,True
train,BRI_WILTY_EP66_truth_9,BRI,66,BRI_EP66,0,125,False,False,True,True
train,LS_WILTY_EP10_lie1,LS,10,LS_EP10,1,126,False,False,True,True
train,LS_WILTY_EP10_lie10,LS,10,LS_EP10,1,76,False,False,True,True
train,LS_WILTY_EP10_lie12,LS,10,LS_EP10,1,126,False,False,True,True
train,LS_WILTY_EP10_lie13,LS,10,LS_EP10,1,101,False,False,True,True
train,LS_WILTY_EP10_lie3,LS,10,LS_EP10,1,76,False,False,True,True
train,LS_WILTY_EP10_lie4,LS,10,LS_EP10,1,101,False,False,True,True
train,LS_WILTY_EP10_lie6,LS,10,LS_EP10,1,76,False,False,True,True
train,LS_WILTY_EP10_lie7,LS,10,LS_EP10,1,101,False,False,True,True
train,LS_WILTY_EP10_lie8,LS,10,LS_EP10,1,151,False,False,True,True
train,LS_WILTY_EP10_lie9,LS,10,LS_EP10,1,151,False,False,True,True
train,LS_WILTY_EP10_truth1,LS,10,LS_EP10,0,126,False,False,True,True
train,LS_WILTY_EP10_truth3,LS,10,LS_EP10,0,126,False,False,True,True
train,LS_WILTY_EP10_truth4,LS,10,LS_EP10,0,101,False,False,True,True
train,LS_WILTY_EP10_truth5,LS,10,LS_EP10,0,126,False,False,True,True
train,LS_WILTY_EP10_truth6,LS,10,LS_EP10,0,151,False,False,True,True
train,LS_WILTY_EP10_truth7,LS,10,LS_EP10,0,76,False,False,True,True
train,LS_WILTY_EP10_truth8,LS,10,LS_EP10,0,101,False,False,True,True
train,LS_WILTY_EP11_lie1,LS,11,LS_EP11,1,126,False,False,True,True
train,LS_WILTY_EP11_lie10,LS,11,LS_EP11,1,126,False,False,True,True
train,LS_WILTY_EP11_lie11,LS,11,LS_EP11,1,76,False,False,True,True
train,LS_WILTY_EP11_lie12,LS,11,LS_EP11,1,126,False,False,True,True
train,LS_WILTY_EP11_lie13,LS,11,LS_EP11,1,76,False,False,True,True
train,LS_WILTY_EP11_lie15,LS,11,LS_EP11,1,76,False,False,True,True
train,LS_WILTY_EP11_lie16,LS,11,LS_EP11,1,126,False,False,True,True
train,LS_WILTY_EP11_lie2,LS,11,LS_EP11,1,176,False,False,True,True
train,LS_WILTY_EP11_lie3,LS,11,LS_EP11,1,151,False,False,True,True
train,LS_WILTY_EP11_lie5,LS,11,LS_EP11,1,76,False,False,True,True
train,LS_WILTY_EP11_lie7,LS,11,LS_EP11,1,126,False,False,True,True
train,LS_WILTY_EP11_lie9,LS,11,LS_EP11,1,101,False,False,True,True
train,LS_WILTY_EP11_truth1,LS,11,LS_EP11,0,151,False,False,True,True
train,LS_WILTY_EP11_truth2,LS,11,LS_EP11,0,101,False,False,True,True
train,LS_WILTY_EP11_truth3,LS,11,LS_EP11,0,126,False,False,True,True
train,LS_WILTY_EP11_truth4,LS,11,LS_EP11,0,101,False,False,True,True
train,LS_WILTY_EP11_truth5,LS,11,LS_EP11,0,76,False,False,True,True
train,LS_WILTY_EP11_truth6,LS,11,LS_EP11,0,151,False,False,True,True
train,LS_WILTY_EP11_truth7,LS,11,LS_EP11,0,76,False,False,True,True
train,LS_WILTY_EP11_truth9,LS,11,LS_EP11,0,101,False,False,True,True
train,LS_WILTY_EP12_lie1,LS,12,LS_EP12,1,126,False,False,True,True
train,LS_WILTY_EP12_lie11,LS,12,LS_EP12,1,101,False,False,True,True
train,LS_WILTY_EP12_lie12,LS,12,LS_EP12,1,76,False,False,True,True
train,LS_WILTY_EP12_lie13,LS,12,LS_EP12,1,151,False,False,True,True
train,LS_WILTY_EP12_lie16,LS,12,LS_EP12,1,151,False,False,True,True
train,LS_WILTY_EP12_lie4,LS,12,LS_EP12,1,76,False,False,True,True
train,LS_WILTY_EP12_lie6,LS,12,LS_EP12,1,101,False,False,True,True
train,LS_WILTY_EP12_lie7,LS,12,LS_EP12,1,126,False,False,True,True
train,LS_WILTY_EP12_truth1,LS,12,LS_EP12,0,101,False,False,True,True
train,LS_WILTY_EP12_truth2,LS,12,LS_EP12,0,76,False,False,True,True
train,LS_WILTY_EP12_truth3,LS,12,LS_EP12,0,101,False,False,True,True
train,LS_WILTY_EP12_truth4,LS,12,LS_EP12,0,101,False,False,True,True
train,LS_WILTY_EP12_truth6,LS,12,LS_EP12,0,76,False,False,True,True
train,LS_WILTY_EP13_lie10,LS,13,LS_EP13,1,126,False,False,True,True
train,LS_WILTY_EP13_lie11,LS,13,LS_EP13,1,76,False,False,True,True
train,LS_WILTY_EP13_lie12,LS,13,LS_EP13,1,101,False,False,True,True
train,LS_WILTY_EP13_lie2,LS,13,LS_EP13,1,126,False,False,True,True
train,LS_WILTY_EP13_lie3,LS,13,LS_EP13,1,151,False,False,True,True
train,LS_WILTY_EP13_lie6,LS,13,LS_EP13,1,101,False,False,True,True
train,LS_WILTY_EP13_lie8,LS,13,LS_EP13,1,126,False,False,True,True
train,LS_WILTY_EP13_truth1,LS,13,LS_EP13,0,176,False,False,True,True
train,LS_WILTY_EP13_truth10,LS,13,LS_EP13,0,126,False,False,True,True
train,LS_WILTY_EP13_truth2,LS,13,LS_EP13,0,126,False,False,True,True
train,LS_WILTY_EP13_truth3,LS,13,LS_EP13,0,126,False,False,True,True
train,LS_WILTY_EP13_truth5,LS,13,LS_EP13,0,76,False,False,True,True
train,LS_WILTY_EP13_truth6,LS,13,LS_EP13,0,126,False,False,True,True
train,LS_WILTY_EP13_truth7,LS,13,LS_EP13,0,126,False,False,True,True
train,LS_WILTY_EP13_truth8,LS,13,LS_EP13,0,126,False,False,True,True
train,LS_WILTY_EP14_lie1,LS,14,LS_EP14,1,126,False,False,True,True
train,LS_WILTY_EP14_lie11,LS,14,LS_EP14,1,126,False,False,True,True
train,LS_WILTY_EP14_lie2,LS,14,LS_EP14,1,126,False,False,True,True
train,LS_WILTY_EP14_lie4,LS,14,LS_EP14,1,126,False,False,True,True
train,LS_WILTY_EP14_lie5,LS,14,LS_EP14,1,101,False,False,True,True
train,LS_WILTY_EP14_lie6,LS,14,LS_EP14,1,101,False,False,True,True
train,LS_WILTY_EP14_lie8,LS,14,LS_EP14,1,76,False,False,True,True
train,LS_WILTY_EP14_lie9,LS,14,LS_EP14,1,76,False,False,True,True
train,LS_WILTY_EP14_truth1,LS,14,LS_EP14,0,101,False,False,True,True
train,LS_WILTY_EP14_truth2,LS,14,LS_EP14,0,126,False,False,True,True
train,LS_WILTY_EP14_truth3,LS,14,LS_EP14,0,76,False,False,True,True
train,LS_WILTY_EP14_truth4,LS,14,LS_EP14,0,101,False,False,True,True
train,LS_WILTY_EP14_truth5,LS,14,LS_EP14,0,76,False,False,True,True
train,LS_WILTY_EP14_truth6,LS,14,LS_EP14,0,101,False,False,True,True
train,LS_WILTY_EP14_truth9,LS,14,LS_EP14,0,126,False,False,True,True
train,LS_WILTY_EP1_lie2,LS,1,LS_EP1,1,126,False,False,True,True
train,LS_WILTY_EP1_lie4,LS,1,LS_EP1,1,101,False,False,True,True
train,LS_WILTY_EP1_lie6,LS,1,LS_EP1,1,176,False,False,True,True
train,LS_WILTY_EP1_lie7,LS,1,LS_EP1,1,126,False,False,True,True
train,LS_WILTY_EP1_lie8,LS,1,LS_EP1,1,251,False,False,True,True
train,LS_WILTY_EP1_lie9,LS,1,LS_EP1,1,101,False,False,True,True
train,LS_WILTY_EP1_truth1,LS,1,LS_EP1,0,126,False,False,True,True
train,LS_WILTY_EP1_truth2,LS,1,LS_EP1,0,76,False,False,True,True
train,LS_WILTY_EP1_truth4,LS,1,LS_EP1,0,76,False,False,True,True
train,LS_WILTY_EP1_truth5,LS,1,LS_EP1,0,126,False,False,True,True
train,LS_WILTY_EP1_truth7,LS,1,LS_EP1,0,126,False,False,True,True
train,LS_WILTY_EP1_truth8,LS,1,LS_EP1,0,76,False,False,True,True
train,LS_WILTY_EP3_lie1,LS,3,LS_EP3,1,101,False,False,True,True
train,LS_WILTY_EP3_lie11,LS,3,LS_EP3,1,126,False,False,True,True
train,LS_WILTY_EP3_lie12,LS,3,LS_EP3,1,151,False,False,True,True
train,LS_WILTY_EP3_lie14,LS,3,LS_EP3,1,201,False,False,True,True
train,LS_WILTY_EP3_lie3,LS,3,LS_EP3,1,126,False,False,True,True
train,LS_WILTY_EP3_lie4,LS,3,LS_EP3,1,101,False,False,True,True
train,LS_WILTY_EP3_lie5,LS,3,LS_EP3,1,201,False,False,True,True
train,LS_WILTY_EP3_lie6,LS,3,LS_EP3,1,101,False,False,True,True
train,LS_WILTY_EP3_lie7,LS,3,LS_EP3,1,126,False,False,True,True
train,LS_WILTY_EP3_lie9,LS,3,LS_EP3,1,126,False,False,True,True
train,LS_WILTY_EP3_truth1,LS,3,LS_EP3,0,101,False,False,True,True
train,LS_WILTY_EP3_truth2,LS,3,LS_EP3,0,151,False,False,True,True
train,LS_WILTY_EP3_truth3,LS,3,LS_EP3,0,101,False,False,True,True
train,LS_WILTY_EP3_truth4,LS,3,LS_EP3,0,126,False,False,True,True
train,LS_WILTY_EP3_truth7,LS,3,LS_EP3,0,76,False,False,True,True
train,LS_WILTY_EP4_lie1,LS,4,LS_EP4,1,126,False,False,True,True
train,LS_WILTY_EP4_lie10,LS,4,LS_EP4,1,151,False,False,True,True
train,LS_WILTY_EP4_lie11,LS,4,LS_EP4,1,101,False,False,True,True
train,LS_WILTY_EP4_lie12,LS,4,LS_EP4,1,126,False,False,True,True
train,LS_WILTY_EP4_lie14,LS,4,LS_EP4,1,101,False,False,True,True
train,LS_WILTY_EP4_lie2,LS,4,LS_EP4,1,126,False,False,True,True
train,LS_WILTY_EP4_lie6,LS,4,LS_EP4,1,126,False,False,True,True
train,LS_WILTY_EP4_lie9,LS,4,LS_EP4,1,126,False,False,True,True
train,LS_WILTY_EP4_truth1,LS,4,LS_EP4,0,126,False,False,True,True
train,LS_WILTY_EP4_truth10,LS,4,LS_EP4,0,176,False,False,True,True
train,LS_WILTY_EP4_truth2,LS,4,LS_EP4,0,226,False,False,True,True
train,LS_WILTY_EP4_truth3,LS,4,LS_EP4,0,126,False,False,True,True
train,LS_WILTY_EP4_truth4,LS,4,LS_EP4,0,76,False,False,True,True
train,LS_WILTY_EP4_truth5,LS,4,LS_EP4,0,76,False,False,True,True
train,LS_WILTY_EP4_truth6,LS,4,LS_EP4,0,201,False,False,True,True
train,LS_WILTY_EP5_lie3,LS,5,LS_EP5,1,126,False,False,True,True
train,LS_WILTY_EP5_lie4,LS,5,LS_EP5,1,101,False,False,True,True
train,LS_WILTY_EP5_lie5,LS,5,LS_EP5,1,101,False,False,True,True
train,LS_WILTY_EP5_lie6,LS,5,LS_EP5,1,126,False,False,True,True
train,LS_WILTY_EP5_lie7,LS,5,LS_EP5,1,101,False,False,True,True
train,LS_WILTY_EP5_truth1,LS,5,LS_EP5,0,126,False,False,True,True
train,LS_WILTY_EP5_truth10,LS,5,LS_EP5,0,201,False,False,True,True
train,LS_WILTY_EP5_truth11,LS,5,LS_EP5,0,101,False,False,True,True
train,LS_WILTY_EP5_truth12,LS,5,LS_EP5,0,101,False,False,True,True
train,LS_WILTY_EP5_truth13,LS,5,LS_EP5,0,76,False,False,True,True
train,LS_WILTY_EP5_truth14,LS,5,LS_EP5,0,101,False,False,True,True
train,LS_WILTY_EP5_truth2,LS,5,LS_EP5,0,101,False,False,True,True
train,LS_WILTY_EP5_truth3,LS,5,LS_EP5,0,76,False,False,True,True
train,LS_WILTY_EP5_truth6,LS,5,LS_EP5,0,101,False,False,True,True
train,LS_WILTY_EP5_truth7,LS,5,LS_EP5,0,126,False,False,True,True
train,LS_WILTY_EP5_truth8,LS,5,LS_EP5,0,126,False,False,True,True
train,LS_WILTY_EP6_lie1,LS,6,LS_EP6,1,126,False,False,True,True
train,LS_WILTY_EP6_lie2,LS,6,LS_EP6,1,101,False,False,True,True
train,LS_WILTY_EP6_lie3,LS,6,LS_EP6,1,101,False,False,True,True
train,LS_WILTY_EP6_lie4,LS,6,LS_EP6,1,101,False,False,True,True
train,LS_WILTY_EP6_lie5,LS,6,LS_EP6,1,101,False,False,True,True
train,LS_WILTY_EP6_lie6,LS,6,LS_EP6,1,151,False,False,True,True
train,LS_WILTY_EP6_lie7,LS,6,LS_EP6,1,126,False,False,True,True
train,LS_WILTY_EP6_truth1,LS,6,LS_EP6,0,76,False,False,True,True
train,LS_WILTY_EP6_truth10,LS,6,LS_EP6,0,176,False,False,True,True
train,LS_WILTY_EP6_truth3,LS,6,LS_EP6,0,76,False,False,True,True
train,LS_WILTY_EP6_truth4,LS,6,LS_EP6,0,151,False,False,True,True
train,LS_WILTY_EP6_truth5,LS,6,LS_EP6,0,126,False,False,True,True
train,LS_WILTY_EP6_truth6,LS,6,LS_EP6,0,101,False,False,True,True
train,LS_WILTY_EP6_truth8,LS,6,LS_EP6,0,126,False,False,True,True
train,LS_WILTY_EP72_lie1,LS,72,LS_EP72,1,76,False,False,True,True
train,LS_WILTY_EP72_lie13,LS,72,LS_EP72,1,126,False,False,True,True
train,LS_WILTY_EP72_lie14,LS,72,LS_EP72,1,176,False,False,True,True
train,LS_WILTY_EP72_lie3,LS,72,LS_EP72,1,76,False,False,True,True
train,LS_WILTY_EP72_lie4,LS,72,LS_EP72,1,101,False,False,True,True
train,LS_WILTY_EP72_lie5,LS,72,LS_EP72,1,151,False,False,True,True
train,LS_WILTY_EP72_lie6,LS,72,LS_EP72,1,301,False,False,True,True
train,LS_WILTY_EP72_lie8,LS,72,LS_EP72,1,76,False,False,True,True
train,LS_WILTY_EP72_lie9,LS,72,LS_EP72,1,101,False,False,True,True
train,LS_WILTY_EP72_true1,LS,72,LS_EP72,0,126,False,False,True,True
train,LS_WILTY_EP72_true3,LS,72,LS_EP72,0,151,False,False,True,True
train,LS_WILTY_EP72_true4,LS,72,LS_EP72,0,151,False,False,True,True
train,LS_WILTY_EP72_true6,LS,72,LS_EP72,0,76,False,False,True,True
train,LS_WILTY_EP72_true8,LS,72,LS_EP72,0,151,False,False,True,True
train,LS_WILTY_EP72_true9,LS,72,LS_EP72,0,126,False,False,True,True
train,LS_WILTY_EP75_lie1,LS,75,LS_EP75,1,126,False,False,True,True
train,LS_WILTY_EP75_lie10,LS,75,LS_EP75,1,126,False,False,True,True
train,LS_WILTY_EP75_lie2,LS,75,LS_EP75,1,1201,False,False,True,True
train,LS_WILTY_EP75_lie3,LS,75,LS_EP75,1,101,False,False,True,True
train,LS_WILTY_EP75_lie4,LS,75,LS_EP75,1,801,False,False,True,True
train,LS_WILTY_EP75_lie5,LS,75,LS_EP75,1,151,False,False,True,True
train,LS_WILTY_EP75_lie7,LS,75,LS_EP75,1,76,False,False,True,True
train,LS_WILTY_EP75_lie9,LS,75,LS_EP75,1,201,False,False,True,True
train,LS_WILTY_EP75_true1,LS,75,LS_EP75,0,201,False,False,True,True
train,LS_WILTY_EP75_true2,LS,75,LS_EP75,0,101,False,False,True,True
train,LS_WILTY_EP75_true3,LS,75,LS_EP75,0,76,False,False,True,True
train,LS_WILTY_EP76_lie1,LS,76,LS_EP76,0,101,False,False,True,True
train,LS_WILTY_EP76_lie11,LS,76,LS_EP76,1,76,False,False,True,True
train,LS_WILTY_EP76_lie14,LS,76,LS_EP76,1,551,False,False,True,True
train,LS_WILTY_EP76_lie16,LS,76,LS_EP76,1,201,False,False,True,True
train,LS_WILTY_EP76_lie2,LS,76,LS_EP76,0,76,False,False,True,True
train,LS_WILTY_EP76_true10,LS,76,LS_EP76,0,126,False,False,True,True
train,LS_WILTY_EP76_true11,LS,76,LS_EP76,0,151,False,False,True,True
train,LS_WILTY_EP76_true13,LS,76,LS_EP76,0,126,False,False,True,True
train,LS_WILTY_EP76_true2,LS,76,LS_EP76,0,101,False,False,True,True
train,LS_WILTY_EP76_true5,LS,76,LS_EP76,0,101,False,False,True,True
train,LS_WILTY_EP76_true6,LS,76,LS_EP76,0,76,False,False,True,True
train,LS_WILTY_EP76_true7,LS,76,LS_EP76,0,226,False,False,True,True
train,LS_WILTY_EP76_true8,LS,76,LS_EP76,0,176,False,False,True,True
train,LS_WILTY_EP9_lie10,LS,9,LS_EP9,1,101,False,False,True,True
train,LS_WILTY_EP9_lie12,LS,9,LS_EP9,1,101,False,False,True,True
train,LS_WILTY_EP9_lie13,LS,9,LS_EP9,1,76,False,False,True,True
train,LS_WILTY_EP9_lie14,LS,9,LS_EP9,1,101,False,False,True,True
train,LS_WILTY_EP9_lie15,LS,9,LS_EP9,1,101,False,False,True,True
train,LS_WILTY_EP9_lie16,LS,9,LS_EP9,1,101,False,False,True,True
train,LS_WILTY_EP9_lie18,LS,9,LS_EP9,1,76,False,False,True,True
train,LS_WILTY_EP9_lie19,LS,9,LS_EP9,1,76,False,False,True,True
train,LS_WILTY_EP9_lie20,LS,9,LS_EP9,1,126,False,False,True,True
train,LS_WILTY_EP9_lie21,LS,9,LS_EP9,1,76,False,False,True,True
train,LS_WILTY_EP9_lie3,LS,9,LS_EP9,1,76,False,False,True,True
train,LS_WILTY_EP9_lie9,LS,9,LS_EP9,1,126,False,False,True,True
train,LS_WILTY_EP9_truth1,LS,9,LS_EP9,0,101,False,False,True,True
train,LS_WILTY_EP9_truth2,LS,9,LS_EP9,0,76,False,False,True,True
train,LS_WILTY_EP9_truth3,LS,9,LS_EP9,0,126,False,False,True,True
train,LS_WILTY_EP9_truth5,LS,9,LS_EP9,0,151,False,False,True,True
train,LS_WILTY_EP9_truth6,LS,9,LS_EP9,0,176,False,False,True,True
train,LS_WILTY_EP9_truth7,LS,9,LS_EP9,0,101,False,False,True,True
train,LS_WILTY_EP9_truth9,LS,9,LS_EP9,0,101,False,False,True,True
train,SB_WILTY_EP29_lie1,SB,29,SB_EP29,1,101,False,False,True,True
train,SB_WILTY_EP29_lie10,SB,29,SB_EP29,1,151,False,False,True,True
train,SB_WILTY_EP29_lie2,SB,29,SB_EP29,1,176,False,False,True,True
train,SB_WILTY_EP29_lie3,SB,29,SB_EP29,1,126,False,False,True,True
train,SB_WILTY_EP29_lie4,SB,29,SB_EP29,1,101,False,False,True,True
train,SB_WILTY_EP29_lie5,SB,29,SB_EP29,1,101,False,False,True,True
train,SB_WILTY_EP29_lie8,SB,29,SB_EP29,1,226,False,False,True,True
train,SB_WILTY_EP29_lie9,SB,29,SB_EP29,1,126,False,False,True,True
train,SB_WILTY_EP29_truth1,SB,29,SB_EP29,0,176,False,False,True,True
train,SB_WILTY_EP29_truth3,SB,29,SB_EP29,0,151,False,False,True,True
train,SB_WILTY_EP29_truth4,SB,29,SB_EP29,0,201,False,False,True,True
train,SB_WILTY_EP29_truth5,SB,29,SB_EP29,0,101,False,False,True,True
train,SB_WILTY_EP33_lie2,SB,33,SB_EP33,1,176,False,False,True,True
train,SB_WILTY_EP33_lie3,SB,33,SB_EP33,1,151,False,False,True,True
train,SB_WILTY_EP33_truth2,SB,33,SB_EP33,0,101,False,False,True,True
train,SB_WILTY_EP33_truth3,SB,33,SB_EP33,0,151,False,False,True,True
train,SB_WILTY_EP33_truth5,SB,33,SB_EP33,0,101,False,False,True,True
train,SB_WILTY_EP33_truth6,SB,33,SB_EP33,0,101,False,False,True,True
train,SB_WILTY_EP34_lie1,SB,34,SB_EP34,1,201,False,False,True,True
train,SB_WILTY_EP34_lie12,SB,34,SB_EP34,1,101,False,False,True,True
train,SB_WILTY_EP34_lie2,SB,34,SB_EP34,1,176,False,False,True,True
train,SB_WILTY_EP34_lie3,SB,34,SB_EP34,1,101,False,False,True,True
train,SB_WILTY_EP34_lie4,SB,34,SB_EP34,1,151,False,False,True,True
train,SB_WILTY_EP34_lie6,SB,34,SB_EP34,1,126,False,False,True,True
train,SB_WILTY_EP34_lie7,SB,34,SB_EP34,1,126,False,False,True,True
train,SB_WILTY_EP34_lie9,SB,34,SB_EP34,1,226,False,False,True,True
train,SB_WILTY_EP34_truth1,SB,34,SB_EP34,0,251,False,False,True,True
train,SB_WILTY_EP34_truth2,SB,34,SB_EP34,0,201,False,False,True,True
train,SB_WILTY_EP34_truth3,SB,34,SB_EP34,0,201,False,False,True,True
train,SB_WILTY_EP34_truth4,SB,34,SB_EP34,0,126,False,False,True,True
train,SB_WILTY_EP35_lie1,SB,35,SB_EP35,1,176,False,False,True,True
train,SB_WILTY_EP35_lie2,SB,35,SB_EP35,1,126,False,False,True,True
train,SB_WILTY_EP35_lie3,SB,35,SB_EP35,1,126,False,False,True,True
train,SB_WILTY_EP35_lie5,SB,35,SB_EP35,1,126,False,False,True,True
train,SB_WILTY_EP35_lie6,SB,35,SB_EP35,1,101,False,False,True,True
train,SB_WILTY_EP35_lie8,SB,35,SB_EP35,1,126,False,False,True,True
train,SB_WILTY_EP35_truth1,SB,35,SB_EP35,0,101,False,False,True,True
train,SB_WILTY_EP35_truth10,SB,35,SB_EP35,0,201,False,False,True,True
train,SB_WILTY_EP35_truth11,SB,35,SB_EP35,0,151,False,False,True,True
train,SB_WILTY_EP35_truth2,SB,35,SB_EP35,0,101,False,False,True,True
train,SB_WILTY_EP35_truth3,SB,35,SB_EP35,0,101,False,False,True,True
train,SB_WILTY_EP35_truth4,SB,35,SB_EP35,0,101,False,False,True,True
train,SB_WILTY_EP35_truth5,SB,35,SB_EP35,0,101,False,False,True,True
train,SB_WILTY_EP35_truth6,SB,35,SB_EP35,0,126,False,False,True,True
train,SB_WILTY_EP35_truth7,SB,35,SB_EP35,0,176,False,False,True,True
train,SB_WILTY_EP35_truth9,SB,35,SB_EP35,0,226,False,False,True,True
train,SB_WILTY_EP37_lie2,SB,37,SB_EP37,1,126,False,False,True,True
train,SB_WILTY_EP37_lie4,SB,37,SB_EP37,1,151,False,False,True,True
train,SB_WILTY_EP37_lie5,SB,37,SB_EP37,1,126,False,False,True,True
train,SB_WILTY_EP37_lie7,SB,37,SB_EP37,1,176,False,False,True,True
train,SB_WILTY_EP37_lie8,SB,37,SB_EP37,1,101,False,False,True,True
train,SB_WILTY_EP37_truth1,SB,37,SB_EP37,0,101,False,False,True,True
train,SB_WILTY_EP37_truth10,SB,37,SB_EP37,0,101,False,False,True,True
train,SB_WILTY_EP37_truth11,SB,37,SB_EP37,0,176,False,False,True,True
train,SB_WILTY_EP37_truth12,SB,37,SB_EP37,0,176,False,False,True,True
train,SB_WILTY_EP37_truth14,SB,37,SB_EP37,0,201,False,False,True,True
train,SB_WILTY_EP37_truth5,SB,37,SB_EP37,0,101,False,False,True,True
train,SB_WILTY_EP37_truth7,SB,37,SB_EP37,0,101,False,False,True,True
train,SB_WILTY_EP37_truth9,SB,37,SB_EP37,0,201,False,False,True,True
train,SB_WILTY_EP38_lie2,SB,38,SB_EP38,1,126,False,False,True,True
train,SB_WILTY_EP38_lie3,SB,38,SB_EP38,1,101,False,False,True,True
train,SB_WILTY_EP38_truth1,SB,38,SB_EP38,0,126,False,False,True,True
train,SB_WILTY_EP41_lie1,SB,41,SB_EP41,1,101,False,False,True,True
train,SB_WILTY_EP41_lie10,SB,41,SB_EP41,1,101,False,False,True,True
train,SB_WILTY_EP41_lie12,SB,41,SB_EP41,1,201,False,False,True,True
train,SB_WILTY_EP41_lie2,SB,41,SB_EP41,1,126,False,False,True,True
train,SB_WILTY_EP41_lie3,SB,41,SB_EP41,1,201,False,False,True,True
train,SB_WILTY_EP41_lie4,SB,41,SB_EP41,1,176,False,False,True,True
train,SB_WILTY_EP41_lie6,SB,41,SB_EP41,1,126,False,False,True,True
train,SB_WILTY_EP41_lie7,SB,41,SB_EP41,1,151,False,False,True,True
train,SB_WILTY_EP41_lie8,SB,41,SB_EP41,1,151,False,False,True,True
train,SB_WILTY_EP41_truth1,SB,41,SB_EP41,0,226,False,False,True,True
train,SB_WILTY_EP41_truth2,SB,41,SB_EP41,0,101,False,False,True,True
train,SB_WILTY_EP41_truth3,SB,41,SB_EP41,0,175,False,False,True,True
train,SB_WILTY_EP41_truth5,SB,41,SB_EP41,0,101,False,False,True,True
train,SB_WILTY_EP42_lie1,SB,42,SB_EP42,1,176,False,False,True,True
train,SB_WILTY_EP42_lie11,SB,42,SB_EP42,1,201,False,False,True,True
train,SB_WILTY_EP42_lie12,SB,42,SB_EP42,1,226,False,False,True,True
train,SB_WILTY_EP42_lie16,SB,42,SB_EP42,1,101,False,False,True,True
train,SB_WILTY_EP42_lie18,SB,42,SB_EP42,1,126,False,False,True,True
train,SB_WILTY_EP42_lie19,SB,42,SB_EP42,1,101,False,False,True,True
train,SB_WILTY_EP42_lie6,SB,42,SB_EP42,1,226,False,False,True,True
train,SB_WILTY_EP42_lie7,SB,42,SB_EP42,1,101,False,False,True,True
train,SB_WILTY_EP42_truth10,SB,42,SB_EP42,0,101,False,False,True,True
train,SB_WILTY_EP42_truth12,SB,42,SB_EP42,0,201,False,False,True,True
train,SB_WILTY_EP42_truth13,SB,42,SB_EP42,0,101,False,False,True,True
train,SB_WILTY_EP42_truth3,SB,42,SB_EP42,0,176,False,False,True,True
train,SB_WILTY_EP42_truth4,SB,42,SB_EP42,0,101,False,False,True,True
train,SB_WILTY_EP42_truth5,SB,42,SB_EP42,0,126,False,False,True,True
train,SB_WILTY_EP42_truth7,SB,42,SB_EP42,0,101,False,False,True,True
train,SB_WILTY_EP42_truth8,SB,42,SB_EP42,0,126,False,False,True,True
train,YW_WILTY_EP43_lie1,YW,43,YW_EP43,1,101,False,False,True,True
train,YW_WILTY_EP43_lie12,YW,43,YW_EP43,1,101,False,False,True,True
train,YW_WILTY_EP43_lie14,YW,43,YW_EP43,1,126,False,False,True,True
train,YW_WILTY_EP43_lie2,YW,43,YW_EP43,1,226,False,False,True,True
train,YW_WILTY_EP43_lie4,YW,43,YW_EP43,1,126,False,False,True,True
train,YW_WILTY_EP43_lie5,YW,43,YW_EP43,1,101,False,False,True,True
train,YW_WILTY_EP43_lie7,YW,43,YW_EP43,1,201,False,False,True,True
train,YW_WILTY_EP43_lie8,YW,43,YW_EP43,1,151,False,False,True,True
train,YW_WILTY_EP43_lie9,YW,43,YW_EP43,1,101,False,False,True,True
train,YW_WILTY_EP43_truth2,YW,43,YW_EP43,0,126,False,False,True,True
train,YW_WILTY_EP43_truth3,YW,43,YW_EP43,0,126,False,False,True,True
train,YW_WILTY_EP43_truth4,YW,43,YW_EP43,0,176,False,False,True,True
train,YW_WILTY_EP43_truth5,YW,43,YW_EP43,0,76,False,False,True,True
train,YW_WILTY_EP43_truth7,YW,43,YW_EP43,0,176,False,False,True,True
train,YW_WILTY_EP43_truth8,YW,43,YW_EP43,0,251,False,False,True,True
train,YW_WILTY_EP44_lie1,YW,44,YW_EP44,1,151,False,False,True,True
train,YW_WILTY_EP44_lie10,YW,44,YW_EP44,1,76,False,False,True,True
train,YW_WILTY_EP44_lie11,YW,44,YW_EP44,1,126,False,False,True,True
train,YW_WILTY_EP44_lie13,YW,44,YW_EP44,1,101,False,False,True,True
train,YW_WILTY_EP44_lie15,YW,44,YW_EP44,1,126,False,False,True,True
train,YW_WILTY_EP44_lie2,YW,44,YW_EP44,1,126,False,False,True,True
train,YW_WILTY_EP44_lie3,YW,44,YW_EP44,1,76,False,False,True,True
train,YW_WILTY_EP44_lie6,YW,44,YW_EP44,1,176,False,False,True,True
train,YW_WILTY_EP44_lie8,YW,44,YW_EP44,1,76,False,False,True,True
train,YW_WILTY_EP44_truth1,YW,44,YW_EP44,0,251,False,False,True,True
train,YW_WILTY_EP44_truth12,YW,44,YW_EP44,0,226,False,False,True,True
train,YW_WILTY_EP44_truth13,YW,44,YW_EP44,0,151,False,False,True,True
train,YW_WILTY_EP44_truth14,YW,44,YW_EP44,0,101,False,False,True,True
train,YW_WILTY_EP44_truth2,YW,44,YW_EP44,0,101,False,False,True,True
train,YW_WILTY_EP44_truth3,YW,44,YW_EP44,0,76,False,False,True,True
train,YW_WILTY_EP44_truth4,YW,44,YW_EP44,0,151,False,False,True,True
train,YW_WILTY_EP44_truth5,YW,44,YW_EP44,0,176,False,False,True,True
train,YW_WILTY_EP44_truth6,YW,44,YW_EP44,0,76,False,False,True,True
train,YW_WILTY_EP44_truth7,YW,44,YW_EP44,0,176,False,False,True,True
train,YW_WILTY_EP44_truth8,YW,44,YW_EP44,0,76,False,False,True,True
train,YW_WILTY_EP44_truth9,YW,44,YW_EP44,0,101,False,False,True,True
train,YW_WILTY_EP46_lie1,YW,46,YW_EP46,1,76,False,False,True,True
train,YW_WILTY_EP46_lie2,YW,46,YW_EP46,1,101,False,False,True,True
train,YW_WILTY_EP46_lie4,YW,46,YW_EP46,1,101,False,False,True,True
train,YW_WILTY_EP46_lie6,YW,46,YW_EP46,1,101,False,False,True,True
train,YW_WILTY_EP46_lie7,YW,46,YW_EP46,1,101,False,False,True,True
train,YW_WILTY_EP46_lie8,YW,46,YW_EP46,1,226,False,False,True,True
train,YW_WILTY_EP46_truth10,YW,46,YW_EP46,0,126,False,False,True,True
train,YW_WILTY_EP46_truth11,YW,46,YW_EP46,0,76,False,False,True,True
train,YW_WILTY_EP46_truth3,YW,46,YW_EP46,0,76,False,False,True,True
train,YW_WILTY_EP46_truth4,YW,46,YW_EP46,0,151,False,False,True,True
train,YW_WILTY_EP46_truth7,YW,46,YW_EP46,0,76,False,False,True,True
train,YW_WILTY_EP46_truth8,YW,46,YW_EP46,0,76,False,False,True,True
train,YW_WILTY_EP46_truth9,YW,46,YW_EP46,0,101,False,False,True,True
train,YW_WILTY_EP47_lie1,YW,47,YW_EP47,1,97,False,False,True,True
train,YW_WILTY_EP47_lie11,YW,47,YW_EP47,1,73,False,False,True,True
train,YW_WILTY_EP47_lie12,YW,47,YW_EP47,1,241,False,False,True,True
train,YW_WILTY_EP47_lie13,YW,47,YW_EP47,1,169,False,False,True,True
train,YW_WILTY_EP47_lie15,YW,47,YW_EP47,1,73,False,False,True,True
train,YW_WILTY_EP47_lie17,YW,47,YW_EP47,1,97,False,False,True,True
train,YW_WILTY_EP47_lie18,YW,47,YW_EP47,1,97,False,False,True,True
train,YW_WILTY_EP47_lie19,YW,47,YW_EP47,1,97,False,False,True,True
train,YW_WILTY_EP47_lie2,YW,47,YW_EP47,1,73,False,False,True,True
train,YW_WILTY_EP47_lie3,YW,47,YW_EP47,1,121,False,False,True,True
train,YW_WILTY_EP47_lie6,YW,47,YW_EP47,1,73,False,False,True,True
train,YW_WILTY_EP47_lie7,YW,47,YW_EP47,1,73,False,False,True,True
train,YW_WILTY_EP47_lie9,YW,47,YW_EP47,1,97,False,False,True,True
train,YW_WILTY_EP47_truth2,YW,47,YW_EP47,0,97,False,False,True,True
train,YW_WILTY_EP47_truth3,YW,47,YW_EP47,0,193,False,False,True,True
train,YW_WILTY_EP47_truth4,YW,47,YW_EP47,0,73,False,False,True,True
train,YW_WILTY_EP47_truth5,YW,47,YW_EP47,0,73,False,False,True,True
train,YW_WILTY_EP47_truth7,YW,47,YW_EP47,0,97,False,False,True,True
train,YW_WILTY_EP48_lie1,YW,48,YW_EP48,1,76,False,False,True,True
train,YW_WILTY_EP48_lie10,YW,48,YW_EP48,1,176,False,False,True,True
train,YW_WILTY_EP48_lie2,YW,48,YW_EP48,1,126,False,False,True,True
train,YW_WILTY_EP48_lie3,YW,48,YW_EP48,1,101,False,False,True,True
train,YW_WILTY_EP48_lie4,YW,48,YW_EP48,1,76,False,False,True,True
train,YW_WILTY_EP48_lie6,YW,48,YW_EP48,1,101,False,False,True,True
train,YW_WILTY_EP48_lie8,YW,48,YW_EP48,1,76,False,False,True,True
train,YW_WILTY_EP48_lie9,YW,48,YW_EP48,1,226,False,False,True,True
train,YW_WILTY_EP48_truth1,YW,48,YW_EP48,0,101,False,False,True,True
train,YW_WILTY_EP48_truth2,YW,48,YW_EP48,0,76,False,False,True,True
train,YW_WILTY_EP48_truth3,YW,48,YW_EP48,0,101,False,False,True,True
train,YW_WILTY_EP48_truth5,YW,48,YW_EP48,0,76,False,False,True,True
train,YW_WILTY_EP48_truth6,YW,48,YW_EP48,0,101,False,False,True,True
train,YW_WILTY_EP48_truth7,YW,48,YW_EP48,0,101,False,False,True,True
train,YW_WILTY_EP49_lie1,YW,49,YW_EP49,1,76,False,False,True,True
train,YW_WILTY_EP49_lie2,YW,49,YW_EP49,1,251,False,False,True,True
train,YW_WILTY_EP49_lie4,YW,49,YW_EP49,1,101,False,False,True,True
train,YW_WILTY_EP49_lie5,YW,49,YW_EP49,1,126,False,False,True,True
train,YW_WILTY_EP49_lie6,YW,49,YW_EP49,1,151,False,False,True,True
train,YW_WILTY_EP49_lie7,YW,49,YW_EP49,1,101,False,False,True,True
train,YW_WILTY_EP49_truth10,YW,49,YW_EP49,0,176,False,False,True,True
train,YW_WILTY_EP49_truth11,YW,49,YW_EP49,0,201,False,False,True,True
train,YW_WILTY_EP49_truth12,YW,49,YW_EP49,0,76,False,False,True,True
train,YW_WILTY_EP49_truth13,YW,49,YW_EP49,0,76,False,False,True,True
train,YW_WILTY_EP49_truth14,YW,49,YW_EP49,0,101,False,False,True,True
train,YW_WILTY_EP49_truth2,YW,49,YW_EP49,0,101,False,False,True,True
train,YW_WILTY_EP49_truth4,YW,49,YW_EP49,0,76,False,False,True,True
train,YW_WILTY_EP49_truth5,YW,49,YW_EP49,0,101,False,False,True,True
train,YW_WILTY_EP49_truth7,YW,49,YW_EP49,0,201,False,False,True,True
train,YW_WILTY_EP49_truth9,YW,49,YW_EP49,0,126,False,False,True,True
train,YW_WILTY_EP50_lie1,YW,50,YW_EP50,1,76,False,False,True,True
train,YW_WILTY_EP50_lie10,YW,50,YW_EP50,1,151,False,False,True,True
train,YW_WILTY_EP50_lie11,YW,50,YW_EP50,1,76,False,False,True,True
train,YW_WILTY_EP50_lie12,YW,50,YW_EP50,1,101,False,False,True,True
train,YW_WILTY_EP50_lie14,YW,50,YW_EP50,1,176,False,False,True,True
train,YW_WILTY_EP50_lie15,YW,50,YW_EP50,1,201,False,False,True,True
train,YW_WILTY_EP50_lie2,YW,50,YW_EP50,1,101,False,False,True,True
train,YW_WILTY_EP50_lie3,YW,50,YW_EP50,1,226,False,False,True,True
train,YW_WILTY_EP50_lie4,YW,50,YW_EP50,1,76,False,False,True,True
train,YW_WILTY_EP50_lie7,YW,50,YW_EP50,1,76,False,False,True,True
train,YW_WILTY_EP50_lie8,YW,50,YW_EP50,1,126,False,False,True,True
train,YW_WILTY_EP50_lie9,YW,50,YW_EP50,1,76,False,False,True,True
train,YW_WILTY_EP50_truth12,YW,50,YW_EP50,0,126,False,False,True,True
train,YW_WILTY_EP50_truth13,YW,50,YW_EP50,0,76,False,False,True,True
train,YW_WILTY_EP50_truth14,YW,50,YW_EP50,0,101,False,False,True,True
train,YW_WILTY_EP50_truth15,YW,50,YW_EP50,0,126,False,False,True,True
train,YW_WILTY_EP50_truth3,YW,50,YW_EP50,0,126,False,False,True,True
train,YW_WILTY_EP50_truth4,YW,50,YW_EP50,0,76,False,False,True,True
train,YW_WILTY_EP50_truth5,YW,50,YW_EP50,0,101,False,False,True,True
train,YW_WILTY_EP50_truth6,YW,50,YW_EP50,0,101,False,False,True,True
train,YW_WILTY_EP50_truth7,YW,50,YW_EP50,0,101,False,False,True,True
train,YW_WILTY_EP51_lie2,YW,51,YW_EP51,1,76,False,False,True,True
train,YW_WILTY_EP51_lie3,YW,51,YW_EP51,1,126,False,False,True,True
train,YW_WILTY_EP51_lie6,YW,51,YW_EP51,1,101,False,False,True,True
train,YW_WILTY_EP51_lie7,YW,51,YW_EP51,1,226,False,False,True,True
train,YW_WILTY_EP51_lie8,YW,51,YW_EP51,1,151,False,False,True,True
train,YW_WILTY_EP51_truth2,YW,51,YW_EP51,0,151,False,False,True,True
train,YW_WILTY_EP51_truth4,YW,51,YW_EP51,0,226,False,False,True,True
train,YW_WILTY_EP51_truth5,YW,51,YW_EP51,0,101,False,False,True,True
train,YW_WILTY_EP52_lie1,YW,52,YW_EP52,1,101,False,False,True,True
train,YW_WILTY_EP52_lie2,YW,52,YW_EP52,1,126,False,False,True,True
train,YW_WILTY_EP52_lie4,YW,52,YW_EP52,1,76,False,False,True,True
train,YW_WILTY_EP52_lie5,YW,52,YW_EP52,1,101,False,False,True,True
train,YW_WILTY_EP52_lie6,YW,52,YW_EP52,1,176,False,False,True,True
train,YW_WILTY_EP52_lie7,YW,52,YW_EP52,1,126,False,False,True,True
train,YW_WILTY_EP52_lie8,YW,52,YW_EP52,1,126,False,False,True,True
train,YW_WILTY_EP52_truth1,YW,52,YW_EP52,0,151,False,False,True,True
train,YW_WILTY_EP52_truth12,YW,52,YW_EP52,0,101,False,False,True,True
train,YW_WILTY_EP52_truth4,YW,52,YW_EP52,0,176,False,False,True,True
train,YW_WILTY_EP52_truth5,YW,52,YW_EP52,0,151,False,False,True,True
train,YW_WILTY_EP53_lie1,YW,53,YW_EP53,1,176,False,False,True,True
train,YW_WILTY_EP53_lie12,YW,53,YW_EP53,1,76,False,False,True,True
train,YW_WILTY_EP53_lie4,YW,53,YW_EP53,1,251,False,False,True,True
train,YW_WILTY_EP53_lie6,YW,53,YW_EP53,1,76,False,False,True,True
train,YW_WILTY_EP53_lie7,YW,53,YW_EP53,1,101,False,False,True,True
train,YW_WILTY_EP53_truth10,YW,53,YW_EP53,0,251,False,False,True,True
train,YW_WILTY_EP53_truth11,YW,53,YW_EP53,0,101,False,False,True,True
train,YW_WILTY_EP53_truth13,YW,53,YW_EP53,0,101,False,False,True,True
train,YW_WILTY_EP53_truth2,YW,53,YW_EP53,0,76,False,False,True,True
train,YW_WILTY_EP53_truth3,YW,53,YW_EP53,0,126,False,False,True,True
train,YW_WILTY_EP53_truth4,YW,53,YW_EP53,0,76,False,False,True,True
train,YW_WILTY_EP53_truth5,YW,53,YW_EP53,0,76,False,False,True,True
train,YW_WILTY_EP53_truth6,YW,53,YW_EP53,0,101,False,False,True,True
train,YW_WILTY_EP53_truth8,YW,53,YW_EP53,0,101,False,False,True,True
train,YW_WILTY_EP53_truth9,YW,53,YW_EP53,0,176,False,False,True,True
train,YW_WILTY_EP54_lie2,YW,54,YW_EP54,1,176,False,False,True,True
train,YW_WILTY_EP54_lie3,YW,54,YW_EP54,1,101,False,False,True,True
train,YW_WILTY_EP54_lie4,YW,54,YW_EP54,1,126,False,False,True,True
train,YW_WILTY_EP54_truth1,YW,54,YW_EP54,0,151,False,False,True,True
train,YW_WILTY_EP54_truth2,YW,54,YW_EP54,0,101,False,False,True,True
train,YW_WILTY_EP54_truth3,YW,54,YW_EP54,0,151,False,False,True,True
train,YW_WILTY_EP54_truth6,YW,54,YW_EP54,0,76,False,False,True,True
train,YW_WILTY_EP54_truth7,YW,54,YW_EP54,0,101,False,False,True,True
train,YW_WILTY_EP55_lie10,YW,55,YW_EP55,1,151,False,False,True,True
train,YW_WILTY_EP55_lie13,YW,55,YW_EP55,1,101,False,False,True,True
train,YW_WILTY_EP55_lie14,YW,55,YW_EP55,1,101,False,False,True,True
train,YW_WILTY_EP55_lie15,YW,55,YW_EP55,1,176,False,False,True,True
train,YW_WILTY_EP55_lie2,YW,55,YW_EP55,1,126,False,False,True,True
train,YW_WILTY_EP55_lie4,YW,55,YW_EP55,1,251,False,False,True,True
train,YW_WILTY_EP55_lie5,YW,55,YW_EP55,1,101,False,False,True,True
train,YW_WILTY_EP55_lie7,YW,55,YW_EP55,1,101,False,False,True,True
train,YW_WILTY_EP55_lie9,YW,55,YW_EP55,1,176,False,False,True,True
train,YW_WILTY_EP55_truth4,YW,55,YW_EP55,0,76,False,False,True,True
train,YW_WILTY_EP55_truth6,YW,55,YW_EP55,0,101,False,False,True,True
train,YW_WILTY_EP55_truth7,YW,55,YW_EP55,0,126,False,False,True,True
train,YW_WILTY_EP55_truth8,YW,55,YW_EP55,0,101,False,False,True,True
train,YW_WILTY_EP56_lie1,YW,56,YW_EP56,1,101,False,False,True,True
train,YW_WILTY_EP56_lie10,YW,56,YW_EP56,1,101,False,False,True,True
train,YW_WILTY_EP56_lie11,YW,56,YW_EP56,1,201,False,False,True,True
train,YW_WILTY_EP56_lie12,YW,56,YW_EP56,1,101,False,False,True,True
train,YW_WILTY_EP56_lie13,YW,56,YW_EP56,1,151,False,False,True,True
train,YW_WILTY_EP56_lie14,YW,56,YW_EP56,1,126,False,False,True,True
train,YW_WILTY_EP56_lie15,YW,56,YW_EP56,1,176,False,False,True,True
train,YW_WILTY_EP56_lie18,YW,56,YW_EP56,1,251,False,False,True,True
train,YW_WILTY_EP56_lie19,YW,56,YW_EP56,1,176,False,False,True,True
train,YW_WILTY_EP56_lie5,YW,56,YW_EP56,1,151,False,False,True,True
train,YW_WILTY_EP56_lie6,YW,56,YW_EP56,1,101,False,False,True,True
train,YW_WILTY_EP56_lie7,YW,56,YW_EP56,1,76,False,False,True,True
train,YW_WILTY_EP56_lie8,YW,56,YW_EP56,1,101,False,False,True,True
train,YW_WILTY_EP56_lie9,YW,56,YW_EP56,1,76,False,False,True,True
train,YW_WILTY_EP56_truth1,YW,56,YW_EP56,0,76,False,False,True,True
train,YW_WILTY_EP56_truth2,YW,56,YW_EP56,0,176,False,False,True,True
train,YW_WILTY_EP56_truth3,YW,56,YW_EP56,0,76,False,False,True,True
train,YW_WILTY_EP56_truth4,YW,56,YW_EP56,0,126,False,False,True,True
train,YW_WILTY_EP56_truth5,YW,56,YW_EP56,0,101,False,False,True,True
train,YW_WILTY_EP56_truth6,YW,56,YW_EP56,0,76,False,False,True,True
train,YW_WILTY_EP70_lie17,YW,70,YW_EP70,1,101,False,False,True,True
train,YW_WILTY_EP70_lie18,YW,70,YW_EP70,1,126,False,False,True,True
train,YW_WILTY_EP70_lie21,YW,70,YW_EP70,1,76,False,False,True,True
train,YW_WILTY_EP70_truth1,YW,70,YW_EP70,0,176,False,False,True,True
train,YW_WILTY_EP70_truth10,YW,70,YW_EP70,0,101,False,False,True,True
train,YW_WILTY_EP70_truth15,YW,70,YW_EP70,0,76,False,False,True,True
train,YW_WILTY_EP70_truth16,YW,70,YW_EP70,0,151,False,False,True,True
train,YW_WILTY_EP70_truth2,YW,70,YW_EP70,0,76,False,False,True,True
train,YW_WILTY_EP70_truth5,YW,70,YW_EP70,0,101,False,False,True,True
train,YW_WILTY_EP70_truth6,YW,70,YW_EP70,0,126,False,False,True,True
train,YW_WILTY_EP70_truth7,YW,70,YW_EP70,0,76,False,False,True,True
train,YW_WILTY_EP70_truth8,YW,70,YW_EP70,0,101,False,False,True,True
train,YW_WILTY_EP70_truth9,YW,70,YW_EP70,0,76,False,False,True,True
val,AN_WILTY_EP21_lie1,AN,21,AN_EP21,1,126,False,False,True,True
val,AN_WILTY_EP21_lie11,AN,21,AN_EP21,1,101,False,False,True,True
val,AN_WILTY_EP21_lie12,AN,21,AN_EP21,1,101,False,False,True,True
val,AN_WILTY_EP21_lie13,AN,21,AN_EP21,1,126,False,False,True,True
val,AN_WILTY_EP21_lie14,AN,21,AN_EP21,1,176,False,False,True,True
val,AN_WILTY_EP21_lie15,AN,21,AN_EP21,1,126,False,False,True,True
val,AN_WILTY_EP21_lie16,AN,21,AN_EP21,1,76,False,False,True,True
val,AN_WILTY_EP21_lie17,AN,21,AN_EP21,1,126,False,False,True,True
val,AN_WILTY_EP21_lie5,AN,21,AN_EP21,1,176,False,False,True,True
val,AN_WILTY_EP21_lie6,AN,21,AN_EP21,1,176,False,False,True,True
val,AN_WILTY_EP21_lie7,AN,21,AN_EP21,1,76,False,False,True,True
val,AN_WILTY_EP21_lie9,AN,21,AN_EP21,1,76,False,False,True,True
val,AN_WILTY_EP21_truth19,AN,21,AN_EP21,0,76,False,False,True,True
val,AN_WILTY_EP21_truth2,AN,21,AN_EP21,0,126,False,False,True,True
val,AN_WILTY_EP21_truth21,AN,21,AN_EP21,0,101,False,False,True,True
val,AN_WILTY_EP21_truth4,AN,21,AN_EP21,0,151,False,False,True,True
val,AN_WILTY_EP22_lie10,AN,22,AN_EP22,1,126,False,False,True,True
val,AN_WILTY_EP22_lie12,AN,22,AN_EP22,1,101,False,False,True,True
val,AN_WILTY_EP22_lie16,AN,22,AN_EP22,1,76,False,False,True,True
val,AN_WILTY_EP22_lie21,AN,22,AN_EP22,1,76,False,False,True,True
val,AN_WILTY_EP22_lie22,AN,22,AN_EP22,1,76,False,False,True,True
val,AN_WILTY_EP22_lie24,AN,22,AN_EP22,1,101,False,False,True,True
val,AN_WILTY_EP22_lie25,AN,22,AN_EP22,1,76,False,False,True,True
val,AN_WILTY_EP22_lie27,AN,22,AN_EP22,1,126,False,False,True,True
val,AN_WILTY_EP22_lie28,AN,22,AN_EP22,1,201,False,False,True,True
val,AN_WILTY_EP22_lie29,AN,22,AN_EP22,1,176,False,False,True,True
val,AN_WILTY_EP22_lie30,AN,22,AN_EP22,0,101,False,False,True,True
val,AN_WILTY_EP22_lie5,AN,22,AN_EP22,1,76,False,False,True,True
val,AN_WILTY_EP22_lie7,AN,22,AN_EP22,1,76,False,False,True,True
val,AN_WILTY_EP22_lie8,AN,22,AN_EP22,1,176,False,False,True,True
val,AN_WILTY_EP22_lie9,AN,22,AN_EP22,1,76,False,False,True,True
val,AN_WILTY_EP22_truth13,AN,22,AN_EP22,0,151,False,False,True,True
val,AN_WILTY_EP22_truth14,AN,22,AN_EP22,0,176,False,False,True,True
val,AN_WILTY_EP22_truth15,AN,22,AN_EP22,0,176,False,False,True,True
val,AN_WILTY_EP22_truth18,AN,22,AN_EP22,0,101,False,False,True,True
val,AN_WILTY_EP22_truth20,AN,22,AN_EP22,0,101,False,False,True,True
val,AN_WILTY_EP22_truth4,AN,22,AN_EP22,0,76,False,False,True,True
val,LS_WILTY_EP2_lie11,LS,2,LS_EP2,1,126,False,False,True,True
val,LS_WILTY_EP2_lie2,LS,2,LS_EP2,1,101,False,False,True,True
val,LS_WILTY_EP2_lie5,LS,2,LS_EP2,1,101,False,False,True,True
val,LS_WILTY_EP2_lie6,LS,2,LS_EP2,1,201,False,False,True,True
val,LS_WILTY_EP2_truth1,LS,2,LS_EP2,0,126,False,False,True,True
val,LS_WILTY_EP2_truth5,LS,2,LS_EP2,0,126,False,False,True,True
val,LS_WILTY_EP2_truth6,LS,2,LS_EP2,0,101,False,False,True,True
val,LS_WILTY_EP73_ lie1,LS,73,LS_EP73,1,176,False,False,True,True
val,LS_WILTY_EP73_ lie2,LS,73,LS_EP73,1,176,False,False,True,True
val,LS_WILTY_EP73_ lie3,LS,73,LS_EP73,1,176,False,False,True,True
val,LS_WILTY_EP73_ lie4,LS,73,LS_EP73,1,126,False,False,True,True
val,LS_WILTY_EP73_ lie5,LS,73,LS_EP73,1,101,False,False,True,True
val,LS_WILTY_EP73_ lie6,LS,73,LS_EP73,1,101,False,False,True,True
val,LS_WILTY_EP73_ lie7,LS,73,LS_EP73,1,201,False,False,True,True
val,LS_WILTY_EP73_ lie8,LS,73,LS_EP73,1,251,False,False,True,True
val,LS_WILTY_EP73_ true1,LS,73,LS_EP73,0,276,False,False,True,True
val,LS_WILTY_EP73_ true10,LS,73,LS_EP73,0,126,False,False,True,True
val,LS_WILTY_EP73_ true11,LS,73,LS_EP73,0,101,False,False,True,True
val,LS_WILTY_EP73_ true13,LS,73,LS_EP73,0,151,False,False,True,True
val,LS_WILTY_EP73_ true14,LS,73,LS_EP73,0,176,False,False,True,True
val,LS_WILTY_EP73_ true16,LS,73,LS_EP73,0,101,False,False,True,True
val,LS_WILTY_EP73_ true17,LS,73,LS_EP73,0,201,False,False,True,True
val,LS_WILTY_EP73_ true18,LS,73,LS_EP73,0,101,False,False,True,True
val,LS_WILTY_EP73_ true3,LS,73,LS_EP73,0,101,False,False,True,True
val,LS_WILTY_EP73_ true4,LS,73,LS_EP73,0,151,False,False,True,True
val,LS_WILTY_EP73_ true5,LS,73,LS_EP73,0,576,False,False,True,True
val,LS_WILTY_EP73_ true7,LS,73,LS_EP73,0,126,False,False,True,True
val,LS_WILTY_EP73_ true8,LS,73,LS_EP73,0,201,False,False,True,True
val,LS_WILTY_EP7_lie1,LS,7,LS_EP7,1,101,False,False,True,True
val,LS_WILTY_EP7_lie12,LS,7,LS_EP7,1,76,False,False,True,True
val,LS_WILTY_EP7_lie2,LS,7,LS_EP7,1,76,False,False,True,True
val,LS_WILTY_EP7_lie3,LS,7,LS_EP7,1,126,False,False,True,True
val,LS_WILTY_EP7_lie4,LS,7,LS_EP7,1,101,False,False,True,True
val,LS_WILTY_EP7_lie5,LS,7,LS_EP7,1,126,False,False,True,True
val,LS_WILTY_EP7_lie6,LS,7,LS_EP7,1,101,False,False,True,True
val,LS_WILTY_EP7_lie7,LS,7,LS_EP7,1,176,False,False,True,True
val,LS_WILTY_EP7_lie8,LS,7,LS_EP7,1,151,False,False,True,True
val,LS_WILTY_EP7_lie9,LS,7,LS_EP7,1,126,False,False,True,True
val,LS_WILTY_EP7_truth10,LS,7,LS_EP7,0,101,False,False,True,True
val,LS_WILTY_EP7_truth11,LS,7,LS_EP7,0,126,False,False,True,True
val,LS_WILTY_EP7_truth12,LS,7,LS_EP7,0,101,False,False,True,True
val,LS_WILTY_EP7_truth3,LS,7,LS_EP7,0,151,False,False,True,True
val,LS_WILTY_EP7_truth5,LS,7,LS_EP7,0,101,False,False,True,True
val,LS_WILTY_EP7_truth6,LS,7,LS_EP7,1,126,False,False,True,True
val,LS_WILTY_EP7_truth7,LS,7,LS_EP7,0,126,False,False,True,True
val,LS_WILTY_EP7_truth8,LS,7,LS_EP7,0,76,False,False,True,True
val,LS_WILTY_EP7_truth9,LS,7,LS_EP7,0,126,False,False,True,True
val,SB_WILTY_EP31_lie1,SB,31,SB_EP31,1,176,False,False,True,True
val,SB_WILTY_EP31_lie2,SB,31,SB_EP31,1,201,False,False,True,True
val,SB_WILTY_EP31_lie3,SB,31,SB_EP31,1,151,False,False,True,True
val,SB_WILTY_EP31_lie7,SB,31,SB_EP31,1,151,False,False,True,True
val,SB_WILTY_EP31_truth1,SB,31,SB_EP31,0,226,False,False,True,True
val,SB_WILTY_EP31_truth3,SB,31,SB_EP31,0,101,False,False,True,True
val,SB_WILTY_EP31_truth6,SB,31,SB_EP31,0,151,False,False,True,True
val,SB_WILTY_EP31_truth7,SB,31,SB_EP31,0,201,False,False,True,True
val,SB_WILTY_EP31_truth8,SB,31,SB_EP31,0,176,False,False,True,True
val,SB_WILTY_EP32_lie10,SB,32,SB_EP32,1,176,False,False,True,True
val,SB_WILTY_EP32_lie11,SB,32,SB_EP32,1,101,False,False,True,True
val,SB_WILTY_EP32_lie12,SB,32,SB_EP32,1,151,False,False,True,True
val,SB_WILTY_EP32_lie14,SB,32,SB_EP32,1,151,False,False,True,True
val,SB_WILTY_EP32_lie15,SB,32,SB_EP32,1,226,False,False,True,True
val,SB_WILTY_EP32_lie6,SB,32,SB_EP32,1,126,False,False,True,True
val,SB_WILTY_EP32_lie7,SB,32,SB_EP32,1,176,False,False,True,True
val,SB_WILTY_EP32_lie8,SB,32,SB_EP32,1,101,False,False,True,True
val,SB_WILTY_EP32_truth2,SB,32,SB_EP32,0,176,False,False,True,True
val,SB_WILTY_EP32_truth3,SB,32,SB_EP32,0,226,False,False,True,True
val,SB_WILTY_EP36_lie1,SB,36,SB_EP36,1,201,False,False,True,True
val,SB_WILTY_EP36_lie2,SB,36,SB_EP36,1,151,False,False,True,True
val,SB_WILTY_EP36_lie3,SB,36,SB_EP36,1,201,False,False,True,True
val,SB_WILTY_EP36_lie4,SB,36,SB_EP36,1,151,False,False,True,True
val,SB_WILTY_EP36_lie5,SB,36,SB_EP36,1,101,False,False,True,True
val,SB_WILTY_EP36_lie6,SB,36,SB_EP36,1,201,False,False,True,True
val,SB_WILTY_EP36_lie7,SB,36,SB_EP36,1,101,False,False,True,True
val,SB_WILTY_EP36_lie8,SB,36,SB_EP36,1,201,False,False,True,True
val,SB_WILTY_EP36_lie9,SB,36,SB_EP36,1,101,False,False,True,True
val,SB_WILTY_EP36_truth1,SB,36,SB_EP36,0,126,False,False,True,True
val,SB_WILTY_EP36_truth2,SB,36,SB_EP36,0,226,False,False,True,True
val,SB_WILTY_EP36_truth3,SB,36,SB_EP36,0,176,False,False,True,True
val,SB_WILTY_EP36_truth4,SB,36,SB_EP36,0,251,False,False,True,True
val,SB_WILTY_EP36_truth5,SB,36,SB_EP36,0,126,False,False,True,True
val,SB_WILTY_EP36_truth6,SB,36,SB_EP36,0,151,False,False,True,True
val,YW_WILTY_EP45_lie1,YW,45,YW_EP45,1,76,False,False,True,True
val,YW_WILTY_EP45_lie11,YW,45,YW_EP45,1,76,False,False,True,True
val,YW_WILTY_EP45_lie13,YW,45,YW_EP45,1,126,False,False,True,True
val,YW_WILTY_EP45_lie16,YW,45,YW_EP45,1,201,False,False,True,True
val,YW_WILTY_EP45_lie18,YW,45,YW_EP45,1,101,False,False,True,True
val,YW_WILTY_EP45_lie2,YW,45,YW_EP45,1,76,False,False,True,True
val,YW_WILTY_EP45_lie3,YW,45,YW_EP45,1,126,False,False,True,True
val,YW_WILTY_EP45_lie5,YW,45,YW_EP45,1,151,False,False,True,True
val,YW_WILTY_EP45_truth1,YW,45,YW_EP45,0,101,False,False,True,True
val,YW_WILTY_EP45_truth2,YW,45,YW_EP45,0,126,False,False,True,True
val,YW_WILTY_EP45_truth4,YW,45,YW_EP45,0,151,False,False,True,True
val,YW_WILTY_EP45_truth5,YW,45,YW_EP45,0,151,False,False,True,True
test,AN_WILTY_EP15_lie12,AN,15,AN_EP15,1,101,False,False,True,True
test,AN_WILTY_EP15_lie15,AN,15,AN_EP15,1,101,False,False,True,True
test,AN_WILTY_EP15_lie18,AN,15,AN_EP15,1,101,False,False,True,True
test,AN_WILTY_EP15_truth22,AN,15,AN_EP15,0,76,False,False,True,True
test,AN_WILTY_EP15_truth23,AN,15,AN_EP15,0,226,False,False,True,True
test,AN_WILTY_EP15_truth24,AN,15,AN_EP15,0,226,False,False,True,True
test,AN_WILTY_EP15_truth3,AN,15,AN_EP15,0,126,False,False,True,True
test,AN_WILTY_EP15_truth8,AN,15,AN_EP15,0,101,False,False,True,True
test,AN_WILTY_EP16_lie1,AN,16,AN_EP16,1,76,False,False,True,True
test,AN_WILTY_EP16_lie19,AN,16,AN_EP16,1,101,False,False,True,True
test,AN_WILTY_EP16_truth11,AN,16,AN_EP16,0,76,False,False,True,True
test,AN_WILTY_EP16_truth12,AN,16,AN_EP16,0,176,False,False,True,True
test,AN_WILTY_EP16_truth22,AN,16,AN_EP16,0,176,False,False,True,True
test,AN_WILTY_EP16_truth23,AN,16,AN_EP16,0,101,False,False,True,True
test,AN_WILTY_EP16_truth24,AN,16,AN_EP16,0,176,False,False,True,True
test,AN_WILTY_EP16_truth8,AN,16,AN_EP16,0,201,False,False,True,True
test,AN_WILTY_EP17_lie1,AN,17,AN_EP17,1,126,False,False,True,True
test,AN_WILTY_EP17_lie13,AN,17,AN_EP17,1,176,False,False,True,True
test,AN_WILTY_EP17_lie15,AN,17,AN_EP17,1,101,False,False,True,True
test,AN_WILTY_EP17_truth11,AN,17,AN_EP17,0,176,False,False,True,True
test,AN_WILTY_EP17_truth12,AN,17,AN_EP17,0,76,False,False,True,True
test,AN_WILTY_EP17_truth3,AN,17,AN_EP17,0,76,False,False,True,True
test,AN_WILTY_EP17_truth5,AN,17,AN_EP17,0,126,False,False,True,True
test,AN_WILTY_EP17_truth6,AN,17,AN_EP17,0,151,False,False,True,True
test,AN_WILTY_EP18_lie11,AN,18,AN_EP18,1,73,False,False,True,True
test,AN_WILTY_EP18_lie12,AN,18,AN_EP18,1,73,False,False,True,True
test,AN_WILTY_EP18_lie16,AN,18,AN_EP18,1,73,False,False,True,True
test,AN_WILTY_EP18_lie7,AN,18,AN_EP18,1,97,False,False,True,True
test,AN_WILTY_EP18_lie9,AN,18,AN_EP18,1,145,False,False,True,True
test,AN_WILTY_EP18_truth13,AN,18,AN_EP18,0,73,False,False,True,True
test,AN_WILTY_EP18_truth2,AN,18,AN_EP18,0,121,False,False,True,True
test,AN_WILTY_EP18_truth3,AN,18,AN_EP18,0,97,False,False,True,True
test,AN_WILTY_EP18_truth4,AN,18,AN_EP18,0,169,False,False,True,True
test,AN_WILTY_EP19_lie1,AN,19,AN_EP19,1,145,False,False,True,True
test,AN_WILTY_EP19_lie16,AN,19,AN_EP19,1,73,False,False,True,True
test,AN_WILTY_EP19_truth3,AN,19,AN_EP19,0,97,False,False,True,True
test,AN_WILTY_EP19_truth5,AN,19,AN_EP19,0,193,False,False,True,True
test,AN_WILTY_EP20_lie10,AN,20,AN_EP20,1,73,False,False,True,True
test,AN_WILTY_EP20_lie8,AN,20,AN_EP20,1,97,False,False,True,True
test,AN_WILTY_EP20_truth2,AN,20,AN_EP20,0,73,False,False,True,True
test,AN_WILTY_EP21_lie10,AN,21,AN_EP21,1,126,False,False,True,True
test,AN_WILTY_EP21_lie18,AN,21,AN_EP21,1,101,False,False,True,True
test,AN_WILTY_EP21_lie22,AN,21,AN_EP21,1,101,False,False,True,True
test,AN_WILTY_EP21_lie23,AN,21,AN_EP21,1,101,False,False,True,True
test,AN_WILTY_EP21_lie24,AN,21,AN_EP21,1,126,False,False,True,True
test,AN_WILTY_EP21_lie8,AN,21,AN_EP21,1,101,False,False,True,True
test,AN_WILTY_EP21_truth20,AN,21,AN_EP21,0,101,False,False,True,True
test,AN_WILTY_EP21_truth3,AN,21,AN_EP21,0,176,False,False,True,True
test,AN_WILTY_EP22_lie11,AN,22,AN_EP22,1,101,False,False,True,True
test,AN_WILTY_EP22_lie17,AN,22,AN_EP22,1,101,False,False,True,True
test,AN_WILTY_EP22_lie23,AN,22,AN_EP22,1,76,False,False,True,True
test,AN_WILTY_EP22_lie26,AN,22,AN_EP22,1,151,False,False,True,True
test,AN_WILTY_EP22_truth19,AN,22,AN_EP22,0,151,False,False,True,True
test,AN_WILTY_EP22_truth2,AN,22,AN_EP22,0,151,False,False,True,True
test,AN_WILTY_EP22_truth3,AN,22,AN_EP22,0,76,False,False,True,True
test,AN_WILTY_EP23_truth3,AN,23,AN_EP23,0,101,False,False,True,True
test,AN_WILTY_EP23_truth5,AN,23,AN_EP23,0,126,False,False,True,True
test,AN_WILTY_EP23_truth7,AN,23,AN_EP23,0,76,False,False,True,True
test,AN_WILTY_EP24_lie10,AN,24,AN_EP24,1,151,False,False,True,True
test,AN_WILTY_EP24_lie14,AN,24,AN_EP24,1,101,False,False,True,True
test,AN_WILTY_EP24_lie15,AN,24,AN_EP24,1,76,False,False,True,True
test,AN_WILTY_EP25_lie1,AN,25,AN_EP25,1,101,False,False,True,True
test,AN_WILTY_EP25_lie2,AN,25,AN_EP25,1,126,False,False,True,True
test,AN_WILTY_EP25_truth4,AN,25,AN_EP25,0,176,False,False,True,True
test,AN_WILTY_EP25_truth6,AN,25,AN_EP25,0,101,False,False,True,True
test,AN_WILTY_EP26_lie1,AN,26,AN_EP26,1,151,False,False,True,True
test,AN_WILTY_EP26_lie18,AN,26,AN_EP26,1,76,False,False,True,True
test,AN_WILTY_EP26_truth4,AN,26,AN_EP26,0,126,False,False,True,True
test,AN_WILTY_EP26_truth5,AN,26,AN_EP26,0,151,False,False,True,True
test,AN_WILTY_EP26_truth6,AN,26,AN_EP26,0,251,False,False,True,True
test,AN_WILTY_EP27_lie4,AN,27,AN_EP27,1,76,False,False,True,True
test,AN_WILTY_EP27_truth14,AN,27,AN_EP27,0,76,False,False,True,True
test,AN_WILTY_EP27_truth15,AN,27,AN_EP27,0,126,False,False,True,True
test,AN_WILTY_EP27_truth5,AN,27,AN_EP27,0,101,False,False,True,True
test,AN_WILTY_EP27_truth7,AN,27,AN_EP27,0,126,False,False,True,True
test,AN_WILTY_EP27_truth9,AN,27,AN_EP27,0,101,False,False,True,True
test,AN_WILTY_EP28_lie1,AN,28,AN_EP28,1,76,False,False,True,True
test,AN_WILTY_EP28_lie2,AN,28,AN_EP28,1,251,False,False,True,True
test,AN_WILTY_EP28_lie4,AN,28,AN_EP28,1,126,False,False,True,True
test,AN_WILTY_EP28_lie5,AN,28,AN_EP28,1,76,False,False,True,True
test,AN_WILTY_EP28_truth10,AN,28,AN_EP28,0,126,False,False,True,True
test,AN_WILTY_EP28_truth11,AN,28,AN_EP28,0,76,False,False,True,True
test,AN_WILTY_EP28_truth12,AN,28,AN_EP28,0,126,False,False,True,True
test,AN_WILTY_EP28_truth13,AN,28,AN_EP28,0,76,False,False,True,True
test,AN_WILTY_EP28_truth16,AN,28,AN_EP28,0,201,False,False,True,True
test,AN_WILTY_EP28_truth17,AN,28,AN_EP28,0,101,False,False,True,True
test,BRI_WILTY_EP57_lie_16,BRI,57,BRI_EP57,1,151,False,False,True,True
test,BRI_WILTY_EP57_lie_21,BRI,57,BRI_EP57,1,76,False,False,True,True
test,BRI_WILTY_EP57_lie_22,BRI,57,BRI_EP57,1,101,False,False,True,True
test,BRI_WILTY_EP57_truth_12,BRI,57,BRI_EP57,0,226,False,False,True,True
test,BRI_WILTY_EP57_truth_13,BRI,57,BRI_EP57,0,76,False,False,True,True
test,BRI_WILTY_EP57_truth_14,BRI,57,BRI_EP57,0,151,False,False,True,True
test,BRI_WILTY_EP57_truth_31,BRI,57,BRI_EP57,0,76,False,False,True,True
test,BRI_WILTY_EP57_truth_6,BRI,57,BRI_EP57,0,126,False,False,True,True
test,BRI_WILTY_EP57_truth_7,BRI,57,BRI_EP57,0,101,False,False,True,True
test,BRI_WILTY_EP58_lie_1,BRI,58,BRI_EP58,1,226,False,False,True,True
test,BRI_WILTY_EP58_lie_15,BRI,58,BRI_EP58,1,226,False,False,True,True
test,BRI_WILTY_EP58_lie_17,BRI,58,BRI_EP58,1,76,False,False,True,True
test,BRI_WILTY_EP58_lie_18,BRI,58,BRI_EP58,1,101,False,False,True,True
test,BRI_WILTY_EP58_lie_22,BRI,58,BRI_EP58,1,126,False,False,True,True
test,BRI_WILTY_EP58_lie_25,BRI,58,BRI_EP58,1,226,False,False,True,True
test,BRI_WILTY_EP58_lie_3,BRI,58,BRI_EP58,1,101,False,False,True,True
test,BRI_WILTY_EP58_truth_12,BRI,58,BRI_EP58,0,226,False,False,True,True
test,BRI_WILTY_EP58_truth_13,BRI,58,BRI_EP58,0,101,False,False,True,True
test,BRI_WILTY_EP58_truth_20,BRI,58,BRI_EP58,0,151,False,False,True,True
test,BRI_WILTY_EP58_truth_29,BRI,58,BRI_EP58,0,126,False,False,True,True
test,BRI_WILTY_EP58_truth_5,BRI,58,BRI_EP58,0,101,False,False,True,True
test,BRI_WILTY_EP59_deception_25,BRI,59,BRI_EP59,1,76,False,False,True,True
test,BRI_WILTY_EP59_lie_16,BRI,59,BRI_EP59,1,176,False,False,True,True
test,BRI_WILTY_EP59_truth_1,BRI,59,BRI_EP59,0,201,False,False,True,True
test,BRI_WILTY_EP59_truth_12,BRI,59,BRI_EP59,0,151,False,False,True,True
test,BRI_WILTY_EP59_truth_17,BRI,59,BRI_EP59,0,126,False,False,True,True
test,BRI_WILTY_EP59_truth_18,BRI,59,BRI_EP59,0,126,False,False,True,True
test,BRI_WILTY_EP59_truth_6,BRI,59,BRI_EP59,0,126,False,False,True,True
test,BRI_WILTY_EP60_lie_15,BRI,60,BRI_EP60,1,176,False,False,True,True
test,BRI_WILTY_EP60_lie_16,BRI,60,BRI_EP60,1,126,False,False,True,True
test,BRI_WILTY_EP60_lie_17,BRI,60,BRI_EP60,1,201,False,False,True,True
test,BRI_WILTY_EP60_lie_18,BRI,60,BRI_EP60,1,101,False,False,True,True
test,BRI_WILTY_EP60_lie_20,BRI,60,BRI_EP60,1,76,False,False,True,True
test,BRI_WILTY_EP60_lie_21,BRI,60,BRI_EP60,1,76,False,False,True,True
test,BRI_WILTY_EP60_lie_22,BRI,60,BRI_EP60,1,126,False,False,True,True
test,BRI_WILTY_EP60_lie_8,BRI,60,BRI_EP60,1,151,False,False,True,True
test,BRI_WILTY_EP60_truth_2,BRI,60,BRI_EP60,0,101,False,False,True,True
test,BRI_WILTY_EP60_truth_6,BRI,60,BRI_EP60,0,76,False,False,True,True
test,BRI_WILTY_EP61_lie_18,BRI,61,BRI_EP61,1,151,False,False,True,True
test,BRI_WILTY_EP61_lie_23,BRI,61,BRI_EP61,1,151,False,False,True,True
test,BRI_WILTY_EP61_lie_26,BRI,61,BRI_EP61,1,151,False,False,True,True
test,BRI_WILTY_EP61_lie_28,BRI,61,BRI_EP61,1,101,False,False,True,True
test,BRI_WILTY_EP61_lie_32,BRI,61,BRI_EP61,1,126,False,False,True,True
test,BRI_WILTY_EP61_truth_13,BRI,61,BRI_EP61,0,226,False,False,True,True
test,BRI_WILTY_EP61_truth_20,BRI,61,BRI_EP61,0,126,False,False,True,True
test,BRI_WILTY_EP61_truth_21,BRI,61,BRI_EP61,0,101,False,False,True,True
test,BRI_WILTY_EP61_truth_33,BRI,61,BRI_EP61,0,226,False,False,True,True
test,BRI_WILTY_EP61_truth_35,BRI,61,BRI_EP61,0,101,False,False,True,True
test,BRI_WILTY_EP62_lie_17,BRI,62,BRI_EP62,1,101,False,False,True,True
test,BRI_WILTY_EP62_lie_18,BRI,62,BRI_EP62,1,151,False,False,True,True
test,BRI_WILTY_EP62_truth_11,BRI,62,BRI_EP62,0,176,False,False,True,True
test,BRI_WILTY_EP62_truth_19,BRI,62,BRI_EP62,0,101,False,False,True,True
test,BRI_WILTY_EP62_truth_21,BRI,62,BRI_EP62,0,226,False,False,True,True
test,BRI_WILTY_EP62_truth_4,BRI,62,BRI_EP62,0,76,False,False,True,True
test,BRI_WILTY_EP63_lie_25,BRI,63,BRI_EP63,1,126,False,False,True,True
test,BRI_WILTY_EP63_lie_29,BRI,63,BRI_EP63,1,176,False,False,True,True
test,BRI_WILTY_EP63_truth_1,BRI,63,BRI_EP63,0,126,False,False,True,True
test,BRI_WILTY_EP63_truth_16,BRI,63,BRI_EP63,0,101,False,False,True,True
test,BRI_WILTY_EP63_truth_17,BRI,63,BRI_EP63,0,126,False,False,True,True
test,BRI_WILTY_EP63_truth_19,BRI,63,BRI_EP63,0,51,False,False,True,True
test,BRI_WILTY_EP63_truth_21,BRI,63,BRI_EP63,0,76,False,False,True,True
test,BRI_WILTY_EP63_truth_23,BRI,63,BRI_EP63,0,151,False,False,True,True
test,BRI_WILTY_EP63_truth_24,BRI,63,BRI_EP63,0,101,False,False,True,True
test,BRI_WILTY_EP63_truth_31,BRI,63,BRI_EP63,0,76,False,False,True,True
test,BRI_WILTY_EP63_truth_5,BRI,63,BRI_EP63,0,126,False,False,True,True
test,BRI_WILTY_EP63_truth_6,BRI,63,BRI_EP63,0,76,False,False,True,True
test,BRI_WILTY_EP63_truth_7,BRI,63,BRI_EP63,0,151,False,False,True,True
test,BRI_WILTY_EP64_lie_24,BRI,64,BRI_EP64,1,101,False,False,True,True
test,BRI_WILTY_EP64_truth_12,BRI,64,BRI_EP64,0,201,False,False,True,True
test,BRI_WILTY_EP64_truth_16,BRI,64,BRI_EP64,0,126,False,False,True,True
test,BRI_WILTY_EP64_truth_17,BRI,64,BRI_EP64,0,101,False,False,True,True
test,BRI_WILTY_EP64_truth_5,BRI,64,BRI_EP64,0,76,False,False,True,True
test,BRI_WILTY_EP64_truth_6,BRI,64,BRI_EP64,0,151,False,False,True,True
test,BRI_WILTY_EP64_truth_8,BRI,64,BRI_EP64,0,101,False,False,True,True
test,BRI_WILTY_EP65_lie_11,BRI,65,BRI_EP65,1,126,False,False,True,True
test,BRI_WILTY_EP65_lie_15,BRI,65,BRI_EP65,1,75,False,False,True,True
test,BRI_WILTY_EP65_truth_14,BRI,65,BRI_EP65,0,150,False,False,True,True
test,BRI_WILTY_EP65_truth_3,BRI,65,BRI_EP65,0,101,False,False,True,True
test,BRI_WILTY_EP66_lie_10,BRI,66,BRI_EP66,1,200,False,False,True,True
test,BRI_WILTY_EP66_lie_11,BRI,66,BRI_EP66,1,125,False,False,True,True
test,BRI_WILTY_EP66_truth_1,BRI,66,BRI_EP66,0,200,False,False,True,True
test,BRI_WILTY_EP66_truth_15,BRI,66,BRI_EP66,0,275,False,False,True,True
test,BRI_WILTY_EP66_truth_18,BRI,66,BRI_EP66,0,125,False,False,True,True
test,BRI_WILTY_EP66_truth_19,BRI,66,BRI_EP66,0,200,False,False,True,True
test,LS_WILTY_EP10_lie11,LS,10,LS_EP10,1,126,False,False,True,True
test,LS_WILTY_EP10_lie14,LS,10,LS_EP10,1,76,False,False,True,True
test,LS_WILTY_EP10_lie15,LS,10,LS_EP10,1,101,False,False,True,True
test,LS_WILTY_EP10_lie2,LS,10,LS_EP10,1,126,False,False,True,True
test,LS_WILTY_EP10_lie5,LS,10,LS_EP10,1,101,False,False,True,True
test,LS_WILTY_EP10_truth2,LS,10,LS_EP10,0,76,False,False,True,True
test,LS_WILTY_EP10_truth9,LS,10,LS_EP10,0,76,False,False,True,True
test,LS_WILTY_EP11_lie14,LS,11,LS_EP11,1,126,False,False,True,True
test,LS_WILTY_EP11_lie6,LS,11,LS_EP11,1,126,False,False,True,True
test,LS_WILTY_EP11_lie8,LS,11,LS_EP11,1,101,False,False,True,True
test,LS_WILTY_EP11_truth8,LS,11,LS_EP11,0,76,False,False,True,True
test,LS_WILTY_EP12_lie10,LS,12,LS_EP12,1,126,False,False,True,True
test,LS_WILTY_EP12_lie14,LS,12,LS_EP12,1,101,False,False,True,True
test,LS_WILTY_EP12_lie15,LS,12,LS_EP12,1,101,False,False,True,True
test,LS_WILTY_EP12_lie17,LS,12,LS_EP12,1,76,False,False,True,True
test,LS_WILTY_EP12_lie2,LS,12,LS_EP12,1,101,False,False,True,True
test,LS_WILTY_EP12_lie3,LS,12,LS_EP12,1,76,False,False,True,True
test,LS_WILTY_EP12_lie5,LS,12,LS_EP12,1,151,False,False,True,True
test,LS_WILTY_EP12_lie8,LS,12,LS_EP12,1,126,False,False,True,True
test,LS_WILTY_EP12_truth5,LS,12,LS_EP12,0,101,False,False,True,True
test,LS_WILTY_EP13_lie1,LS,13,LS_EP13,1,76,False,False,True,True
test,LS_WILTY_EP13_lie13,LS,13,LS_EP13,1,101,False,False,True,True
test,LS_WILTY_EP13_lie4,LS,13,LS_EP13,1,76,False,False,True,True
test,LS_WILTY_EP13_lie5,LS,13,LS_EP13,1,101,False,False,True,True
test,LS_WILTY_EP13_lie7,LS,13,LS_EP13,1,126,False,False,True,True
test,LS_WILTY_EP13_lie9,LS,13,LS_EP13,1,76,False,False,True,True
test,LS_WILTY_EP13_truth11,LS,13,LS_EP13,0,101,False,False,True,True
test,LS_WILTY_EP13_truth4,LS,13,LS_EP13,0,126,False,False,True,True
test,LS_WILTY_EP13_truth9,LS,13,LS_EP13,0,126,False,False,True,True
test,LS_WILTY_EP14_lie10,LS,14,LS_EP14,1,101,False,False,True,True
test,LS_WILTY_EP14_lie3,LS,14,LS_EP14,1,101,False,False,True,True
test,LS_WILTY_EP14_lie7,LS,14,LS_EP14,1,76,False,False,True,True
test,LS_WILTY_EP14_truth10,LS,14,LS_EP14,0,101,False,False,True,True
test,LS_WILTY_EP14_truth7,LS,14,LS_EP14,0,151,False,False,True,True
test,LS_WILTY_EP14_truth8,LS,14,LS_EP14,0,76,False,False,True,True
test,LS_WILTY_EP1_lie1,LS,1,LS_EP1,1,101,False,False,True,True
test,LS_WILTY_EP1_lie3,LS,1,LS_EP1,1,126,False,False,True,True
test,LS_WILTY_EP1_lie5,LS,1,LS_EP1,1,151,False,False,True,True
test,LS_WILTY_EP1_truth3,LS,1,LS_EP1,0,126,False,False,True,True
test,LS_WILTY_EP1_truth6,LS,1,LS_EP1,0,176,False,False,True,True
test,LS_WILTY_EP2_lie1,LS,2,LS_EP2,1,101,False,False,True,True
test,LS_WILTY_EP2_lie10,LS,2,LS_EP2,1,126,False,False,True,True
test,LS_WILTY_EP2_lie3,LS,2,LS_EP2,1,101,False,False,True,True
test,LS_WILTY_EP2_lie4,LS,2,LS_EP2,1,101,False,False,True,True
test,LS_WILTY_EP2_lie7,LS,2,LS_EP2,1,251,False,False,True,True
test,LS_WILTY_EP2_lie8,LS,2,LS_EP2,1,126,False,False,True,True
test,LS_WILTY_EP2_lie9,LS,2,LS_EP2,1,151,False,False,True,True
test,LS_WILTY_EP2_truth2,LS,2,LS_EP2,0,126,False,False,True,True
test,LS_WILTY_EP2_truth3,LS,2,LS_EP2,0,101,False,False,True,True
test,LS_WILTY_EP2_truth4,LS,2,LS_EP2,0,76,False,False,True,True
test,LS_WILTY_EP2_truth7,LS,2,LS_EP2,0,176,False,False,True,True
test,LS_WILTY_EP2_truth8,LS,2,LS_EP2,0,101,False,False,True,True
test,LS_WILTY_EP3_lie10,LS,3,LS_EP3,1,101,False,False,True,True
test,LS_WILTY_EP3_lie13,LS,3,LS_EP3,1,151,False,False,True,True
test,LS_WILTY_EP3_lie2,LS,3,LS_EP3,1,76,False,False,True,True
test,LS_WILTY_EP3_lie8,LS,3,LS_EP3,1,176,False,False,True,True
test,LS_WILTY_EP3_truth6,LS,3,LS_EP3,0,201,False,False,True,True
test,LS_WILTY_EP4_lie13,LS,4,LS_EP4,1,101,False,False,True,True
test,LS_WILTY_EP4_lie15,LS,4,LS_EP4,1,126,False,False,True,True
test,LS_WILTY_EP4_lie16,LS,4,LS_EP4,1,151,False,False,True,True
test,LS_WILTY_EP4_lie3,LS,4,LS_EP4,1,101,False,False,True,True
test,LS_WILTY_EP4_lie4,LS,4,LS_EP4,1,151,False,False,True,True
test,LS_WILTY_EP4_lie5,LS,4,LS_EP4,1,101,False,False,True,True
test,LS_WILTY_EP4_lie7,LS,4,LS_EP4,1,151,False,False,True,True
test,LS_WILTY_EP4_lie8,LS,4,LS_EP4,1,126,False,False,True,True
test,LS_WILTY_EP4_truth11,LS,4,LS_EP4,0,101,False,False,True,True
test,LS_WILTY_EP4_truth9,LS,4,LS_EP4,0,101,False,False,True,True
test,LS_WILTY_EP5_lie1,LS,5,LS_EP5,1,76,False,False,True,True
test,LS_WILTY_EP5_lie2,LS,5,LS_EP5,1,151,False,False,True,True
test,LS_WILTY_EP5_lie8,LS,5,LS_EP5,1,76,False,False,True,True
test,LS_WILTY_EP5_truth4,LS,5,LS_EP5,0,101,False,False,True,True
test,LS_WILTY_EP5_truth5,LS,5,LS_EP5,0,101,False,False,True,True
test,LS_WILTY_EP5_truth9,LS,5,LS_EP5,0,126,False,False,True,True
test,LS_WILTY_EP6_truth11,LS,6,LS_EP6,0,76,False,False,True,True
test,LS_WILTY_EP6_truth7,LS,6,LS_EP6,0,201,False,False,True,True
test,LS_WILTY_EP6_truth9,LS,6,LS_EP6,0,76,False,False,True,True
test,LS_WILTY_EP72_lie10,LS,72,LS_EP72,1,176,False,False,True,True
test,LS_WILTY_EP72_lie11,LS,72,LS_EP72,1,101,False,False,True,True
test,LS_WILTY_EP72_lie12,LS,72,LS_EP72,1,126,False,False,True,True
test,LS_WILTY_EP72_lie15,LS,72,LS_EP72,1,126,False,False,True,True
test,LS_WILTY_EP72_lie16,LS,72,LS_EP72,1,76,False,False,True,True
test,LS_WILTY_EP72_lie2,LS,72,LS_EP72,1,101,False,False,True,True
test,LS_WILTY_EP72_lie7,LS,72,LS_EP72,1,126,False,False,True,True
test,LS_WILTY_EP72_true2,LS,72,LS_EP72,0,276,False,False,True,True
test,LS_WILTY_EP72_true5,LS,72,LS_EP72,0,101,False,False,True,True
test,LS_WILTY_EP72_true7,LS,72,LS_EP72,0,151,False,False,True,True
test,LS_WILTY_EP73_ lie9,LS,73,LS_EP73,1,176,False,False,True,True
test,LS_WILTY_EP73_ true12,LS,73,LS_EP73,0,151,False,False,True,True
test,LS_WILTY_EP73_ true2,LS,73,LS_EP73,0,101,False,False,True,True
test,LS_WILTY_EP73_ true6,LS,73,LS_EP73,0,126,False,False,True,True
test,LS_WILTY_EP73_ true9,LS,73,LS_EP73,0,76,False,False,True,True
test,LS_WILTY_EP75_lie6,LS,75,LS_EP75,1,76,False,False,True,True
test,LS_WILTY_EP75_lie8,LS,75,LS_EP75,1,201,False,False,True,True
test,LS_WILTY_EP76_lie13,LS,76,LS_EP76,1,101,False,False,True,True
test,LS_WILTY_EP76_true1,LS,76,LS_EP76,0,76,False,False,True,True
test,LS_WILTY_EP76_true12,LS,76,LS_EP76,0,176,False,False,True,True
test,LS_WILTY_EP76_true4,LS,76,LS_EP76,0,126,False,False,True,True
test,LS_WILTY_EP76_true9,LS,76,LS_EP76,0,101,False,False,True,True
test,LS_WILTY_EP7_lie10,LS,7,LS_EP7,1,101,False,False,True,True
test,LS_WILTY_EP7_lie11,LS,7,LS_EP7,1,126,False,False,True,True
test,LS_WILTY_EP7_lie13,LS,7,LS_EP7,1,201,False,False,True,True
test,LS_WILTY_EP7_truth1,LS,7,LS_EP7,0,101,False,False,True,True
test,LS_WILTY_EP7_truth13,LS,7,LS_EP7,0,76,False,False,True,True
test,LS_WILTY_EP7_truth2,LS,7,LS_EP7,0,76,False,False,True,True
test,LS_WILTY_EP7_truth4,LS,7,LS_EP7,0,76,False,False,True,True
test,LS_WILTY_EP9_lie1,LS,9,LS_EP9,1,126,False,False,True,True
test,LS_WILTY_EP9_lie11,LS,9,LS_EP9,1,176,False,False,True,True
test,LS_WILTY_EP9_lie17,LS,9,LS_EP9,1,126,False,False,True,True
test,LS_WILTY_EP9_lie2,LS,9,LS_EP9,1,76,False,False,True,True
test,LS_WILTY_EP9_lie4,LS,9,LS_EP9,1,76,False,False,True,True
test,LS_WILTY_EP9_lie5,LS,9,LS_EP9,1,101,False,False,True,True
test,LS_WILTY_EP9_lie6,LS,9,LS_EP9,1,101,False,False,True,True
test,LS_WILTY_EP9_lie8,LS,9,LS_EP9,1,151,False,False,True,True
test,LS_WILTY_EP9_truth10,LS,9,LS_EP9,0,101,False,False,True,True
test,LS_WILTY_EP9_truth4,LS,9,LS_EP9,0,126,False,False,True,True
test,LS_WILTY_EP9_truth8,LS,9,LS_EP9,0,76,False,False,True,True
test,SB_WILTY_EP29_lie6,SB,29,SB_EP29,1,101,False,False,True,True
test,SB_WILTY_EP29_lie7,SB,29,SB_EP29,1,101,False,False,True,True
test,SB_WILTY_EP29_truth2,SB,29,SB_EP29,0,176,False,False,True,True
test,SB_WILTY_EP29_truth6,SB,29,SB_EP29,0,101,False,False,True,True
test,SB_WILTY_EP29_truth7,SB,29,SB_EP29,0,126,False,False,True,True
test,SB_WILTY_EP31_lie4,SB,31,SB_EP31,1,126,False,False,True,True
test,SB_WILTY_EP31_lie5,SB,31,SB_EP31,1,176,False,False,True,True
test,SB_WILTY_EP31_lie6,SB,31,SB_EP31,1,226,False,False,True,True
test,SB_WILTY_EP31_truth2,SB,31,SB_EP31,0,176,False,False,True,True
test,SB_WILTY_EP31_truth4,SB,31,SB_EP31,0,226,False,False,True,True
test,SB_WILTY_EP31_truth5,SB,31,SB_EP31,0,176,False,False,True,True
test,SB_WILTY_EP32_lie13,SB,32,SB_EP32,1,176,False,False,True,True
test,SB_WILTY_EP32_lie9,SB,32,SB_EP32,1,126,False,False,True,True
test,SB_WILTY_EP32_truth1,SB,32,SB_EP32,0,101,False,False,True,True
test,SB_WILTY_EP33_lie4,SB,33,SB_EP33,1,151,False,False,True,True
test,SB_WILTY_EP33_truth1,SB,33,SB_EP33,0,176,False,False,True,True
test,SB_WILTY_EP33_truth4,SB,33,SB_EP33,0,101,False,False,True,True
test,SB_WILTY_EP34_lie10,SB,34,SB_EP34,1,101,False,False,True,True
test,SB_WILTY_EP34_lie11,SB,34,SB_EP34,1,101,False,False,True,True
test,SB_WILTY_EP34_lie5,SB,34,SB_EP34,1,101,False,False,True,True
test,SB_WILTY_EP35_lie4,SB,35,SB_EP35,1,126,False,False,True,True
test,SB_WILTY_EP35_lie7,SB,35,SB_EP35,1,101,False,False,True,True
test,SB_WILTY_EP35_truth8,SB,35,SB_EP35,0,151,False,False,True,True
test,SB_WILTY_EP37_lie1,SB,37,SB_EP37,1,176,False,False,True,True
test,SB_WILTY_EP37_lie3,SB,37,SB_EP37,1,151,False,False,True,True
test,SB_WILTY_EP37_lie6,SB,37,SB_EP37,1,176,False,False,True,True
test,SB_WILTY_EP37_truth2,SB,37,SB_EP37,0,176,False,False,True,True
test,SB_WILTY_EP37_truth3,SB,37,SB_EP37,0,101,False,False,True,True
test,SB_WILTY_EP37_truth4,SB,37,SB_EP37,0,201,False,False,True,True
test,SB_WILTY_EP37_truth6,SB,37,SB_EP37,0,101,False,False,True,True
test,SB_WILTY_EP37_truth8,SB,37,SB_EP37,0,126,False,False,True,True
test,SB_WILTY_EP38_lie1,SB,38,SB_EP38,1,176,False,False,True,True
test,SB_WILTY_EP38_lie6,SB,38,SB_EP38,1,151,False,False,True,True
test,SB_WILTY_EP38_truth2,SB,38,SB_EP38,0,176,False,False,True,True
test,SB_WILTY_EP41_lie11,SB,41,SB_EP41,1,251,False,False,True,True
test,SB_WILTY_EP41_lie13,SB,41,SB_EP41,1,101,False,False,True,True
test,SB_WILTY_EP41_lie14,SB,41,SB_EP41,1,126,False,False,True,True
test,SB_WILTY_EP41_lie15,SB,41,SB_EP41,1,201,False,False,True,True
test,SB_WILTY_EP41_lie5,SB,41,SB_EP41,1,201,False,False,True,True
test,SB_WILTY_EP41_lie9,SB,41,SB_EP41,1,151,False,False,True,True
test,SB_WILTY_EP41_truth4,SB,41,SB_EP41,0,176,False,False,True,True
test,SB_WILTY_EP42_lie10,SB,42,SB_EP42,1,201,False,False,True,True
test,SB_WILTY_EP42_lie13,SB,42,SB_EP42,1,101,False,False,True,True
test,SB_WILTY_EP42_lie17,SB,42,SB_EP42,1,101,False,False,True,True
test,SB_WILTY_EP42_lie2,SB,42,SB_EP42,1,176,False,False,True,True
test,SB_WILTY_EP42_lie3,SB,42,SB_EP42,1,101,False,False,True,True
test,SB_WILTY_EP42_lie4,SB,42,SB_EP42,1,176,False,False,True,True
test,SB_WILTY_EP42_lie5,SB,42,SB_EP42,1,201,False,False,True,True
test,SB_WILTY_EP42_lie8,SB,42,SB_EP42,1,126,False,False,True,True
test,SB_WILTY_EP42_truth1,SB,42,SB_EP42,0,201,False,False,True,True
test,SB_WILTY_EP42_truth11,SB,42,SB_EP42,0,101,False,False,True,True
test,SB_WILTY_EP42_truth15,SB,42,SB_EP42,0,151,False,False,True,True
test,SB_WILTY_EP42_truth16,SB,42,SB_EP42,0,101,False,False,True,True
test,SB_WILTY_EP42_truth17,SB,42,SB_EP42,0,101,False,False,True,True
test,SB_WILTY_EP42_truth18,SB,42,SB_EP42,0,126,False,False,True,True
test,SB_WILTY_EP42_truth2,SB,42,SB_EP42,0,101,False,False,True,True
test,SB_WILTY_EP42_truth6,SB,42,SB_EP42,0,101,False,False,True,True
test,SB_WILTY_EP42_truth9,SB,42,SB_EP42,0,151,False,False,True,True
test,YW_WILTY_EP43_lie10,YW,43,YW_EP43,1,76,False,False,True,True
test,YW_WILTY_EP43_lie11,YW,43,YW_EP43,1,101,False,False,True,True
test,YW_WILTY_EP43_lie13,YW,43,YW_EP43,1,126,False,False,True,True
test,YW_WILTY_EP43_lie15,YW,43,YW_EP43,1,101,False,False,True,True
test,YW_WILTY_EP43_lie3,YW,43,YW_EP43,1,126,False,False,True,True
test,YW_WILTY_EP43_lie6,YW,43,YW_EP43,1,76,False,False,True,True
test,YW_WILTY_EP43_truth6,YW,43,YW_EP43,0,251,False,False,True,True
test,YW_WILTY_EP44_lie12,YW,44,YW_EP44,1,126,False,False,True,True
test,YW_WILTY_EP44_lie14,YW,44,YW_EP44,1,76,False,False,True,True
test,YW_WILTY_EP44_lie4,YW,44,YW_EP44,1,76,False,False,True,True
test,YW_WILTY_EP44_lie5,YW,44,YW_EP44,0,126,False,False,True,True
test,YW_WILTY_EP44_lie7,YW,44,YW_EP44,1,176,False,False,True,True
test,YW_WILTY_EP44_lie9,YW,44,YW_EP44,1,76,False,False,True,True
test,YW_WILTY_EP44_truth10,YW,44,YW_EP44,0,101,False,False,True,True
test,YW_WILTY_EP44_truth11,YW,44,YW_EP44,0,101,False,False,True,True
test,YW_WILTY_EP44_truth15,YW,44,YW_EP44,0,251,False,False,True,True
test,YW_WILTY_EP45_lie10,YW,45,YW_EP45,1,176,False,False,True,True
test,YW_WILTY_EP45_lie12,YW,45,YW_EP45,1,151,False,False,True,True
test,YW_WILTY_EP45_lie14,YW,45,YW_EP45,1,201,False,False,True,True
test,YW_WILTY_EP45_lie15,YW,45,YW_EP45,1,201,False,False,True,True
test,YW_WILTY_EP45_lie17,YW,45,YW_EP45,1,76,False,False,True,True
test,YW_WILTY_EP45_lie19,YW,45,YW_EP45,1,126,False,False,True,True
test,YW_WILTY_EP45_lie4,YW,45,YW_EP45,1,176,False,False,True,True
test,YW_WILTY_EP45_lie6,YW,45,YW_EP45,1,76,False,False,True,True
test,YW_WILTY_EP45_lie7,YW,45,YW_EP45,1,126,False,False,True,True
test,YW_WILTY_EP45_lie8,YW,45,YW_EP45,1,126,False,False,True,True
test,YW_WILTY_EP45_lie9,YW,45,YW_EP45,1,76,False,False,True,True
test,YW_WILTY_EP45_truth3,YW,45,YW_EP45,0,101,False,False,True,True
test,YW_WILTY_EP45_truth6,YW,45,YW_EP45,0,126,False,False,True,True
test,YW_WILTY_EP45_truth7,YW,45,YW_EP45,0,176,False,False,True,True
test,YW_WILTY_EP46_lie3,YW,46,YW_EP46,1,201,False,False,True,True
test,YW_WILTY_EP46_lie5,YW,46,YW_EP46,1,201,False,False,True,True
test,YW_WILTY_EP46_truth12,YW,46,YW_EP46,0,226,False,False,True,True
test,YW_WILTY_EP46_truth5,YW,46,YW_EP46,0,76,False,False,True,True
test,YW_WILTY_EP46_truth6,YW,46,YW_EP46,0,101,False,False,True,True
test,YW_WILTY_EP47_lie10,YW,47,YW_EP47,1,73,False,False,True,True
test,YW_WILTY_EP47_lie14,YW,47,YW_EP47,1,121,False,False,True,True
test,YW_WILTY_EP47_lie16,YW,47,YW_EP47,1,97,False,False,True,True
test,YW_WILTY_EP47_lie5,YW,47,YW_EP47,1,145,False,False,True,True
test,YW_WILTY_EP47_lie8,YW,47,YW_EP47,1,217,False,False,True,True
test,YW_WILTY_EP47_truth1,YW,47,YW_EP47,0,73,False,False,True,True
test,YW_WILTY_EP47_truth6,YW,47,YW_EP47,0,217,False,False,True,True
test,YW_WILTY_EP48_lie11,YW,48,YW_EP48,1,76,False,False,True,True
test,YW_WILTY_EP48_lie5,YW,48,YW_EP48,1,101,False,False,True,True
test,YW_WILTY_EP48_lie7,YW,48,YW_EP48,1,101,False,False,True,True
test,YW_WILTY_EP48_truth4,YW,48,YW_EP48,0,151,False,False,True,True
test,YW_WILTY_EP48_truth8,YW,48,YW_EP48,0,101,False,False,True,True
test,YW_WILTY_EP48_truth9,YW,48,YW_EP48,0,76,False,False,True,True
test,YW_WILTY_EP49_lie3,YW,49,YW_EP49,1,176,False,False,True,True
test,YW_WILTY_EP49_lie8,YW,49,YW_EP49,1,201,False,False,True,True
test,YW_WILTY_EP49_truth1,YW,49,YW_EP49,0,126,False,False,True,True
test,YW_WILTY_EP49_truth3,YW,49,YW_EP49,0,251,False,False,True,True
test,YW_WILTY_EP49_truth6,YW,49,YW_EP49,0,151,False,False,True,True
test,YW_WILTY_EP49_truth8,YW,49,YW_EP49,0,251,False,False,True,True
test,YW_WILTY_EP50_lie13,YW,50,YW_EP50,1,76,False,False,True,True
test,YW_WILTY_EP50_lie5,YW,50,YW_EP50,1,226,False,False,True,True
test,YW_WILTY_EP50_lie6,YW,50,YW_EP50,1,101,False,False,True,True
test,YW_WILTY_EP50_truth1,YW,50,YW_EP50,0,151,False,False,True,True
test,YW_WILTY_EP50_truth10,YW,50,YW_EP50,0,101,False,False,True,True
test,YW_WILTY_EP50_truth11,YW,50,YW_EP50,0,76,False,False,True,True
test,YW_WILTY_EP50_truth2,YW,50,YW_EP50,0,151,False,False,True,True
test,YW_WILTY_EP50_truth8,YW,50,YW_EP50,0,76,False,False,True,True
test,YW_WILTY_EP50_truth9,YW,50,YW_EP50,0,101,False,False,True,True
test,YW_WILTY_EP51_lie1,YW,51,YW_EP51,1,76,False,False,True,True
test,YW_WILTY_EP51_lie4,YW,51,YW_EP51,1,176,False,False,True,True
test,YW_WILTY_EP51_lie5,YW,51,YW_EP51,1,101,False,False,True,True
test,YW_WILTY_EP51_lie9,YW,51,YW_EP51,1,126,False,False,True,True
test,YW_WILTY_EP51_truth1,YW,51,YW_EP51,0,176,False,False,True,True
test,YW_WILTY_EP51_truth3,YW,51,YW_EP51,0,101,False,False,True,True
test,YW_WILTY_EP51_truth6,YW,51,YW_EP51,0,76,False,False,True,True
test,YW_WILTY_EP52_lie3,YW,52,YW_EP52,1,251,False,False,True,True
test,YW_WILTY_EP52_truth10,YW,52,YW_EP52,0,101,False,False,True,True
test,YW_WILTY_EP52_truth11,YW,52,YW_EP52,0,101,False,False,True,True
test,YW_WILTY_EP52_truth2,YW,52,YW_EP52,0,176,False,False,True,True
test,YW_WILTY_EP52_truth3,YW,52,YW_EP52,0,176,False,False,True,True
test,YW_WILTY_EP52_truth7,YW,52,YW_EP52,0,101,False,False,True,True
test,YW_WILTY_EP52_truth8,YW,52,YW_EP52,0,151,False,False,True,True
test,YW_WILTY_EP52_truth9,YW,52,YW_EP52,0,76,False,False,True,True
test,YW_WILTY_EP53_lie10,YW,53,YW_EP53,1,126,False,False,True,True
test,YW_WILTY_EP53_lie11,YW,53,YW_EP53,1,126,False,False,True,True
test,YW_WILTY_EP53_lie13,YW,53,YW_EP53,1,251,False,False,True,True
test,YW_WILTY_EP53_lie2,YW,53,YW_EP53,1,76,False,False,True,True
test,YW_WILTY_EP53_lie3,YW,53,YW_EP53,1,101,False,False,True,True
test,YW_WILTY_EP53_lie5,YW,53,YW_EP53,1,101,False,False,True,True
test,YW_WILTY_EP53_lie8,YW,53,YW_EP53,1,101,False,False,True,True
test,YW_WILTY_EP53_lie9,YW,53,YW_EP53,1,101,False,False,True,True
test,YW_WILTY_EP53_truth1,YW,53,YW_EP53,0,151,False,False,True,True
test,YW_WILTY_EP53_truth12,YW,53,YW_EP53,0,101,False,False,True,True
test,YW_WILTY_EP53_truth14,YW,53,YW_EP53,0,101,False,False,True,True
test,YW_WILTY_EP53_truth7,YW,53,YW_EP53,0,76,False,False,True,True
test,YW_WILTY_EP54_lie5,YW,54,YW_EP54,1,101,False,False,True,True
test,YW_WILTY_EP54_lie6,YW,54,YW_EP54,1,76,False,False,True,True
test,YW_WILTY_EP54_lie7,YW,54,YW_EP54,1,76,False,False,True,True
test,YW_WILTY_EP54_lie8,YW,54,YW_EP54,1,176,False,False,True,True
test,YW_WILTY_EP54_truth4,YW,54,YW_EP54,0,176,False,False,True,True
test,YW_WILTY_EP54_truth8,YW,54,YW_EP54,0,101,False,False,True,True
test,YW_WILTY_EP55_lie1,YW,55,YW_EP55,1,251,False,False,True,True
test,YW_WILTY_EP55_lie11,YW,55,YW_EP55,1,226,False,False,True,True
test,YW_WILTY_EP55_lie12,YW,55,YW_EP55,1,176,False,False,True,True
test,YW_WILTY_EP55_lie16,YW,55,YW_EP55,1,201,False,False,True,True
test,YW_WILTY_EP55_lie3,YW,55,YW_EP55,1,101,False,False,True,True
test,YW_WILTY_EP55_lie6,YW,55,YW_EP55,1,76,False,False,True,True
test,YW_WILTY_EP55_lie8,YW,55,YW_EP55,1,76,False,False,True,True
test,YW_WILTY_EP55_truth1,YW,55,YW_EP55,0,126,False,False,True,True
test,YW_WILTY_EP55_truth2,YW,55,YW_EP55,0,151,False,False,True,True
test,YW_WILTY_EP55_truth3,YW,55,YW_EP55,0,176,False,False,True,True
test,YW_WILTY_EP55_truth5,YW,55,YW_EP55,0,76,False,False,True,True
test,YW_WILTY_EP56_lie16,YW,56,YW_EP56,1,101,False,False,True,True
test,YW_WILTY_EP56_lie17,YW,56,YW_EP56,1,101,False,False,True,True
test,YW_WILTY_EP56_lie2,YW,56,YW_EP56,1,176,False,False,True,True
test,YW_WILTY_EP56_lie3,YW,56,YW_EP56,1,101,False,False,True,True
test,YW_WILTY_EP56_lie4,YW,56,YW_EP56,1,76,False,False,True,True
test,YW_WILTY_EP70_lie19,YW,70,YW_EP70,1,101,False,False,True,True
test,YW_WILTY_EP70_lie20,YW,70,YW_EP70,1,101,False,False,True,True
test,YW_WILTY_EP70_truth11,YW,70,YW_EP70,0,151,False,False,True,True
test,YW_WILTY_EP70_truth12,YW,70,YW_EP70,0,126,False,False,True,True
test,YW_WILTY_EP70_truth13,YW,70,YW_EP70,0,101,False,False,True,True
test,YW_WILTY_EP70_truth14,YW,70,YW_EP70,0,151,False,False,True,True
test,YW_WILTY_EP70_truth3,YW,70,YW_EP70,0,76,False,False,True,True
test,YW_WILTY_EP70_truth4,YW,70,YW_EP70,0,76,False,False,True,True
