recorded_at,stage,experiment_name,tag,dataset,fold,seed,aggregation,loss_name,label_imbalance,batch_size,gradient_accumulation,frames_per_clip,window_seconds,num_windows_per_clip_train,freeze_vit,freeze_wav2vec,best_epoch,best_val_f1_lie,accuracy,balanced_accuracy,precision_lie,recall_lie,f1_lie,macro_f1,auc_roc,auc_pr,checkpoint,metrics_json,config_path,notes,best_val_metric_name,best_val_metric,threshold_calibration_metric,threshold,calibrated_threshold,stream_mode
2026-05-16 17:40:06,train,dolos_three_stream,official_fold1_seed42,dolos,fold1,42,mean,ce,0.0408401414752006,4,4,16,2.0,3,True,True,7,0.7482014388489209,0.5475206611570248,0.5178782632544268,0.540084388185654,0.9961089494163424,0.7004103967168263,0.3881798819027169,0.5647594233703013,0.6048018645827803,outputs/checkpoints/dolos_three_stream/fold1_seed42_best.pt,outputs/metrics/dolos_three_stream/fold1_seed42_test_metrics.json,configs/multimodal_dolos.yaml,Official training fold1 seed42 after full preprocessing and cache filtering,,,,,,
2026-05-17 09:44:24,train,dolos_three_stream_auc,fold1_auc_calibrated,dolos,fold1,42,mean,ce,0.0408401414752006,4,4,16,2.0,3,True,True,12,0.746031746031746,0.628099173553719,0.6181799482336001,0.6191950464396285,0.7782101167315175,0.6896551724137931,0.6128688233202986,0.6527880148785546,0.6608358345658406,outputs/checkpoints/dolos_three_stream_auc/fold1_seed42_best.pt,outputs/metrics/dolos_three_stream_auc/fold1_seed42_test_metrics.json,configs/multimodal_dolos_auc.yaml,"Fold1 run selecting checkpoint by val_auc_roc; official metrics use threshold 0.5, calibrated metrics stored in JSON",auc_roc,0.6485042735042735,balanced_accuracy,0.5,0.6780782699584961,
2026-05-17 11:08:43,train,dolos_three_stream_auc,fold2_auc,dolos,fold2,42,mean,ce,0.0384615398943424,4,4,16,2.0,3,True,True,2,0.7567567567567568,0.524896265560166,0.5,0.524896265560166,1.0,0.6884353741496598,0.3442176870748299,0.6094637278423115,0.6211530470562298,outputs/checkpoints/dolos_three_stream_auc/fold2_seed42_best.pt,outputs/metrics/dolos_three_stream_auc/fold2_seed42_test_metrics.json,configs/multimodal_dolos_auc.yaml,"Fold2 run selecting checkpoint by val_auc_roc; official metrics use threshold 0.5, calibrated metrics stored in JSON",auc_roc,0.647936507936508,balanced_accuracy,0.5,0.5096237480640411,
2026-05-17 11:44:20,train,dolos_three_stream_auc,fold3_auc,dolos,fold3,42,mean,ce,0.0347305387258529,4,4,16,2.0,3,True,True,1,0.32,0.4892241379310345,0.5117230453825365,0.5869565217391305,0.110204081632653,0.1855670103092783,0.4067552476978103,0.5793495480383934,0.5889112470344231,outputs/checkpoints/dolos_three_stream_auc/fold3_seed42_best.pt,outputs/metrics/dolos_three_stream_auc/fold3_seed42_test_metrics.json,configs/multimodal_dolos_auc.yaml,"Fold3 run selecting checkpoint by val_auc_roc; official metrics use threshold 0.5, calibrated metrics stored in JSON",auc_roc,0.5347633136094675,balanced_accuracy,0.5,0.489525461480731,
2026-05-17 20:54:16,train,dolos_three_stream_fusion_residual,fold3_residual_fusion,dolos,fold3,42,mean,ce,0.0347305387258529,4,4,16,2.0,3,True,True,1,0.0,0.4719827586206896,0.5,0.0,0.0,0.0,0.3206442166910688,0.555847544497251,0.5679031048036643,outputs/checkpoints/dolos_three_stream_fusion_residual/fold3_seed42_best.pt,outputs/metrics/dolos_three_stream_fusion_residual/fold3_seed42_test_metrics.json,configs/multimodal_dolos_fusion_residual.yaml,Fold3 residual normalized cross-attention fusion with feature norm logging,auc_roc,0.5433925049309665,balanced_accuracy,0.5,0.4819139838218689,
2026-05-17 21:35:55,train,dolos_fold3_spatial_only,fold3_spatial_only,dolos,fold3,42,mean,ce,0.0347305387258529,4,4,16,2.0,3,True,True,2,0.6785714285714286,0.5237068965517241,0.5145745969620725,0.538961038961039,0.6775510204081633,0.6003616636528029,0.5055141651597348,0.5580095051719318,0.6070762056863372,outputs/checkpoints/dolos_fold3_spatial_only/fold3_seed42_best.pt,outputs/metrics/dolos_fold3_spatial_only/fold3_seed42_test_metrics.json,configs/ablation_fold3_spatial.yaml,Fold3 spatial/RGB-only ablation with feature norm logging,auc_roc,0.5840729783037475,balanced_accuracy,0.5,0.529942087829113,spatial
2026-05-17 22:09:12,train,dolos_fold3_flow_only,fold3_flow_only,dolos,fold3,42,mean,ce,0.0347305387258529,4,4,16,2.0,3,True,True,2,0.75,0.5280172413793104,0.5,0.5280172413793104,1.0,0.691114245416079,0.3455571227080395,0.5701332587829652,0.5845714122364055,outputs/checkpoints/dolos_fold3_flow_only/fold3_seed42_best.pt,outputs/metrics/dolos_fold3_flow_only/fold3_seed42_test_metrics.json,configs/ablation_fold3_flow.yaml,Fold3 optical-flow-only ablation with feature norm logging,auc_roc,0.5633629191321499,balanced_accuracy,0.5,0.5199344998056239,flow
2026-05-17 23:34:53,train,dolos_fold3_audio_only,fold3_audio_only,dolos,fold3,42,mean,ce,0.0347305387258529,4,4,16,2.0,3,True,True,28,0.75,0.5280172413793104,0.5,0.5280172413793104,1.0,0.691114245416079,0.3455571227080395,0.5666387102786321,0.5672275700020236,outputs/checkpoints/dolos_fold3_audio_only/fold3_seed42_best.pt,outputs/metrics/dolos_fold3_audio_only/fold3_seed42_test_metrics.json,configs/ablation_fold3_audio.yaml,Fold3 audio-only ablation with feature norm logging,auc_roc,0.6977317554240631,balanced_accuracy,0.5,0.5379821926355361,audio
2026-05-18 07:56:22,train,dolos_three_stream_gated_logits_prior_kl,fold3_gated_logits_prior_kl,dolos,fold3,42,mean,ce,0.0347305387258529,4,4,16,2.0,3,True,True,3,0.6585365853658537,0.5969827586206896,0.5914733016494269,0.6035714285714285,0.689795918367347,0.6438095238095238,0.5898948363464492,0.6233156276209115,0.6535951132135992,outputs/checkpoints/dolos_three_stream_gated_logits_prior_kl/fold3_seed42_best.pt,outputs/metrics/dolos_three_stream_gated_logits_prior_kl/fold3_seed42_test_metrics.json,configs/multimodal_dolos_gated_logits.yaml,"Fold3 gated-logit fusion with aux losses, stream dropout, and gate prior KL",auc_roc,0.5902366863905325,balanced_accuracy,0.5,0.5113890767097473,gated
2026-05-18 19:37:54,train,dolos_three_stream_gated_logits_prior_kl,fold1_gated_logits_prior_kl,dolos,fold1,42,mean,ce,0.0408401414752006,4,4,16,2.0,3,True,True,13,0.7611940298507462,0.5681818181818182,0.5463326419719228,0.5579710144927537,0.8988326848249028,0.6885245901639344,0.4924104432301153,0.6176657124736453,0.6347108185161672,outputs/checkpoints/dolos_three_stream_gated_logits_prior_kl/fold1_seed42_best.pt,outputs/metrics/dolos_three_stream_gated_logits_prior_kl/fold1_seed42_test_metrics.json,configs/multimodal_dolos_gated_logits.yaml,"Fold1 gated-logit fusion with aux losses, stream dropout, and gate prior KL",auc_roc,0.6153846153846154,balanced_accuracy,0.5,0.6054642729461193,gated
2026-05-19 00:44:17,train,dolos_three_stream_gated_logits_prior_kl,fold2_gated_logits_prior_kl_eval_only,dolos,fold2,42,mean,ce,0.0384615398943424,4,4,16,2.0,3,True,True,12,0.7133757961783439,0.6016597510373444,0.5886566442860348,0.5826558265582655,0.849802371541502,0.6913183279742765,0.5649574096011734,0.6772528781262406,0.679869076530359,outputs/checkpoints/dolos_three_stream_gated_logits_prior_kl/fold2_seed42_best.pt,outputs/metrics/dolos_three_stream_gated_logits_prior_kl/fold2_seed42_test_metrics.json,configs/multimodal_dolos_gated_logits.yaml,Eval-only from fold2 best checkpoint after /tmp full DataLoader hang; num_workers=0.,auc_roc,0.646984126984127,balanced_accuracy,0.5,0.5355864841313589,gated
2026-05-19 01:42:27,train,dolos_three_stream_gated_logits_temp_aux,fold1_gated_logits_temp_aux,dolos,fold1,42,mean,ce,0.0408401414752006,4,4,16,2.0,3,True,True,2,0.4415584415584415,0.506198347107438,0.5229349148939817,0.5803571428571429,0.2529182879377432,0.3523035230352303,0.476652596242156,0.5698932103738494,0.5994292176773659,outputs/checkpoints/dolos_three_stream_gated_logits_temp_aux/fold1_seed42_best.pt,outputs/metrics/dolos_three_stream_gated_logits_temp_aux/fold1_seed42_test_metrics.json,configs/multimodal_dolos_gated_logits_temp_aux.yaml,"Fold1 logit-temperature gated fusion; spatial aux 0.05, flow/audio aux 0.20",auc_roc,0.6030982905982906,balanced_accuracy,0.5,0.4762731269001961,gated
2026-05-19 02:55:39,train,dolos_three_stream_gated_logits_temp_aux,fold3_gated_logits_temp_aux,dolos,fold3,42,mean,ce,0.0347305387258529,4,4,16,2.0,3,True,True,12,0.7638190954773869,0.5431034482758621,0.5186469108191222,0.5379310344827586,0.9551020408163264,0.6882352941176471,0.4166982922201138,0.6221228217314323,0.6505074300302802,outputs/checkpoints/dolos_three_stream_gated_logits_temp_aux/fold3_seed42_best.pt,outputs/metrics/dolos_three_stream_gated_logits_temp_aux/fold3_seed42_test_metrics.json,configs/multimodal_dolos_gated_logits_temp_aux.yaml,"Fold3 logit-temperature gated fusion; spatial aux 0.05, flow/audio aux 0.20",auc_roc,0.6390532544378699,balanced_accuracy,0.5,0.5319255888462067,gated
2026-05-19 06:44:13,train,dolos_three_stream_gated_margin_norm,fold1_gated_margin_norm,dolos,fold1,42,mean,ce,0.0408401414752006,4,4,16,2.0,3,True,True,1,0.7428571428571429,0.53099173553719,0.5,0.53099173553719,1.0,0.6936572199730094,0.3468286099865047,0.5795779838529971,0.5995068101274852,outputs/checkpoints/dolos_three_stream_gated_margin_norm/fold1_seed42_best.pt,outputs/metrics/dolos_three_stream_gated_margin_norm/fold1_seed42_test_metrics.json,configs/multimodal_dolos_gated_margin_norm.yaml,Fold1 margin-normalized gated fusion; baseline aux/gate prior; no backbone change,auc_roc,0.6041666666666666,balanced_accuracy,0.5,0.6039082467556,gated
2026-05-19 07:36:50,train,dolos_fold3_spatial_skip1s,face_skip1s,dolos,fold3,42,mean,ce,0.0347305387258529,4,4,16,2.0,3,True,True,2,0.6211180124223602,0.5581896551724138,0.5523157208088715,0.5709219858156028,0.6571428571428571,0.6110056925996205,0.5498918737312317,0.5756779424098406,0.60784715325425,outputs/checkpoints/dolos_fold3_spatial_skip1s/fold3_seed42_best.pt,outputs/metrics/dolos_fold3_spatial_skip1s/fold3_seed42_test_metrics.json,configs/ablation_fold3_spatial_skip1s.yaml,fold3 spatial-only skip first 1s windows after face contamination audit,auc_roc,0.5680473372781065,balanced_accuracy,0.5,0.5410626381635666,spatial
2026-05-19 07:52:40,train,dolos_fold3_flow_skip1s,face_skip1s,dolos,fold3,42,mean,ce,0.0347305387258529,4,4,16,2.0,3,True,True,6,0.75,0.5280172413793104,0.5,0.5280172413793104,1.0,0.691114245416079,0.3455571227080395,0.5,0.5280172413793104,outputs/checkpoints/dolos_fold3_flow_skip1s/fold3_seed42_best.pt,outputs/metrics/dolos_fold3_flow_skip1s/fold3_seed42_test_metrics.json,configs/ablation_fold3_flow_skip1s.yaml,fold3 flow-only skip first 1s windows after face contamination audit,auc_roc,0.5096153846153846,balanced_accuracy,0.5,0.5171967387199402,flow
2026-05-19 19:28:04,train,dolos_fold3_spatial_clean_faces,clean_faces,dolos,fold3,42,mean,ce,0.0347305387258529,4,4,16,2.0,3,True,True,2,0.7379679144385026,0.5280172413793104,0.5123567235113223,0.5359116022099447,0.7918367346938775,0.6392092257001647,0.4784831175229795,0.563414406858634,0.6100976854456877,outputs/checkpoints/dolos_fold3_spatial_clean_faces/fold3_seed42_best.pt,outputs/metrics/dolos_fold3_spatial_clean_faces/fold3_seed42_test_metrics.json,configs/ablation_fold3_spatial_clean_faces.yaml,fold3 spatial-only clean face tracks with face_valid mask,auc_roc,0.5743343195266272,balanced_accuracy,0.5,0.5330039337277412,spatial
2026-05-19 20:06:37,train,dolos_fold3_flow_clean_faces,clean_faces,dolos,fold3,42,mean,ce,0.0347305387258529,4,4,16,2.0,3,True,True,12,0.75,0.5280172413793104,0.5,0.5280172413793104,1.0,0.691114245416079,0.3455571227080395,0.4528468921815301,0.4976549951105017,outputs/checkpoints/dolos_fold3_flow_clean_faces/fold3_seed42_best.pt,outputs/metrics/dolos_fold3_flow_clean_faces/fold3_seed42_test_metrics.json,configs/ablation_fold3_flow_clean_faces.yaml,fold3 flow-only clean face tracks with face_valid mask and regenerated Farneback flow,auc_roc,0.6120562130177516,balanced_accuracy,0.5,0.5208809494972229,flow
2026-05-19 20:47:45,train,dolos_fold3_audio_only,full_prediction_ensemble,dolos,fold1,42,mean,ce,0.0408401414752006,4,4,16,2.0,3,True,True,14,0.7286821705426356,0.5578512396694215,0.5417473731123262,0.5582655826558266,0.8015564202334631,0.65814696485623,0.5162079853520916,0.5651451001902672,0.5724628359487967,outputs/checkpoints/dolos_fold3_audio_only/fold1_seed42_best.pt,outputs/metrics/dolos_fold3_audio_only/fold1_seed42_test_metrics.json,configs/ablation_fold3_audio.yaml,fold1 audio-only for full prediction-level ensemble,auc_roc,0.6383547008547008,balanced_accuracy,0.5,0.5270727244871003,audio
2026-05-19 21:07:09,train,dolos_fold3_audio_only,full_prediction_ensemble,dolos,fold2,42,mean,ce,0.0384615398943424,4,4,16,2.0,3,True,True,12,0.7567567567567568,0.524896265560166,0.5,0.524896265560166,1.0,0.6884353741496598,0.3442176870748299,0.6091961958679255,0.6080000326661721,outputs/checkpoints/dolos_fold3_audio_only/fold2_seed42_best.pt,outputs/metrics/dolos_fold3_audio_only/fold2_seed42_test_metrics.json,configs/ablation_fold3_audio.yaml,fold2 audio-only for full prediction-level ensemble,auc_roc,0.6868253968253968,balanced_accuracy,0.5,0.5197368140021961,audio
2026-05-19 21:47:50,train,dolos_fold3_spatial_only,full_prediction_ensemble,dolos,fold1,42,mean,ce,0.0408401414752006,4,4,16,2.0,3,True,True,6,0.6885245901639344,0.6363636363636364,0.6272476388008023,0.6277602523659306,0.77431906614786,0.6933797909407665,0.6233396416632766,0.6656953324534187,0.6703373055894309,outputs/checkpoints/dolos_fold3_spatial_only/fold1_seed42_best.pt,outputs/metrics/dolos_fold3_spatial_only/fold1_seed42_test_metrics.json,configs/ablation_fold3_spatial.yaml,fold1 spatial-only for full prediction-level ensemble,auc_roc,0.5865384615384615,balanced_accuracy,0.5,0.7085453286767006,spatial
2026-05-19 22:18:28,train,dolos_fold3_spatial_only,full_prediction_ensemble,dolos,fold2,42,mean,ce,0.0384615398943424,4,4,16,2.0,3,True,True,5,0.6666666666666666,0.6390041493775933,0.6343787217149663,0.6366782006920415,0.7272727272727273,0.6789667896678967,0.63332225739319,0.6700036246267498,0.6700742772481187,outputs/checkpoints/dolos_fold3_spatial_only/fold2_seed42_best.pt,outputs/metrics/dolos_fold3_spatial_only/fold2_seed42_test_metrics.json,configs/ablation_fold3_spatial.yaml,fold2 spatial-only for full prediction-level ensemble,auc_roc,0.6434920634920637,balanced_accuracy,0.5,0.6087231760223706,spatial
2026-05-20 19:00:50,train,retrain_dolos_three_stream_auc,dolos_retrain,dolos,fold1,42,mean,ce,0.0408401414752006,4,4,16,2.0,3,True,True,6,0.7401574803149606,0.5640495867768595,0.5455270059479936,0.5592783505154639,0.8443579766536965,0.6728682170542636,0.5098087215302278,0.5574829873669415,0.5777461510024677,outputs/checkpoints/retrain_dolos_three_stream_auc/fold1_seed42_best.pt,outputs/metrics/retrain_dolos_three_stream_auc/fold1_seed42_test_metrics.json,configs/retrain_dolos_three_stream_auc.yaml,retrain cross_attention_auc checkpoint for DOLOS ensemble comparison,auc_roc,0.6682692307692307,balanced_accuracy,0.5,0.5554934815754966,all
2026-05-20 19:49:29,train,retrain_dolos_three_stream_auc,dolos_retrain,dolos,fold2,42,mean,ce,0.0384615398943424,4,4,16,2.0,3,True,True,7,0.7567567567567568,0.524896265560166,0.5,0.524896265560166,1.0,0.6884353741496598,0.3442176870748299,0.603854186443896,0.6168783010499737,outputs/checkpoints/retrain_dolos_three_stream_auc/fold2_seed42_best.pt,outputs/metrics/retrain_dolos_three_stream_auc/fold2_seed42_test_metrics.json,configs/retrain_dolos_three_stream_auc.yaml,retrain cross_attention_auc checkpoint for DOLOS ensemble comparison,auc_roc,0.6465079365079365,balanced_accuracy,0.5,0.5170360393822193,all
2026-05-20 20:27:47,train,retrain_dolos_three_stream_auc,dolos_retrain,dolos,fold3,42,mean,ce,0.0347305387258529,4,4,16,2.0,3,True,True,2,0.1411764705882353,0.4741379310344827,0.500587084148728,0.5384615384615384,0.0285714285714285,0.0542635658914728,0.3450422307069304,0.5270524648215451,0.5727765135112723,outputs/checkpoints/retrain_dolos_three_stream_auc/fold3_seed42_best.pt,outputs/metrics/retrain_dolos_three_stream_auc/fold3_seed42_test_metrics.json,configs/retrain_dolos_three_stream_auc.yaml,retrain cross_attention_auc checkpoint for DOLOS ensemble comparison,auc_roc,0.5675542406311637,balanced_accuracy,0.5,0.4492893576622009,all
2026-05-20 21:03:49,train,retrain_dolos_three_stream_gated_logits_prior_kl,dolos_retrain,dolos,fold1,42,mean,ce,0.0408401414752006,4,4,16,2.0,3,True,True,2,0.0,0.4669421487603306,0.4977973568281938,0.0,0.0,0.0,0.3183098591549296,0.5416788083443322,0.5729332272488411,outputs/checkpoints/retrain_dolos_three_stream_gated_logits_prior_kl/fold1_seed42_best.pt,outputs/metrics/retrain_dolos_three_stream_gated_logits_prior_kl/fold1_seed42_test_metrics.json,configs/retrain_dolos_three_stream_gated_logits_prior_kl.yaml,retrain gated_prior_kl checkpoint for DOLOS ensemble comparison,auc_roc,0.6362179487179487,balanced_accuracy,0.5,0.460394191245238,gated
2026-05-20 21:50:24,train,retrain_clean_dolos_three_stream_gated_logits_prior_kl,dolos_clean_retrain,dolos,fold1,42,mean,ce,0.0408401414752006,4,4,16,2.0,3,True,True,5,0.7350427350427351,0.5826446280991735,0.5717787414936835,0.5835866261398176,0.7470817120622568,0.6552901023890785,0.5632471454353769,0.6119748367301462,0.6340516345947904,outputs/checkpoints/retrain_clean_dolos_three_stream_gated_logits_prior_kl/fold1_seed42_best.pt,outputs/metrics/retrain_clean_dolos_three_stream_gated_logits_prior_kl/fold1_seed42_test_metrics.json,configs/retrain_clean_dolos_three_stream_gated_logits_prior_kl.yaml,retrain gated_prior_kl checkpoint on clean face cache for DOLOS ensemble comparison,auc_roc,0.5993589743589743,balanced_accuracy,0.5,0.516522823061262,gated
2026-05-20 22:28:34,train,retrain_clean_dolos_three_stream_gated_logits_prior_kl,dolos_clean_retrain,dolos,fold3,42,mean,ce,0.0347305387258529,4,4,16,2.0,3,True,True,2,0.631578947368421,0.5538793103448276,0.5545335942596217,0.5833333333333334,0.5428571428571428,0.5623678646934461,0.5537114048741956,0.5699748392507689,0.5816236192118289,outputs/checkpoints/retrain_clean_dolos_three_stream_gated_logits_prior_kl/fold3_seed42_best.pt,outputs/metrics/retrain_clean_dolos_three_stream_gated_logits_prior_kl/fold3_seed42_test_metrics.json,configs/retrain_clean_dolos_three_stream_gated_logits_prior_kl.yaml,retrain gated_prior_kl checkpoint on clean face cache for DOLOS ensemble comparison,auc_roc,0.6385601577909271,balanced_accuracy,0.5,0.4987681567668914,gated
2026-05-21 00:06:15,train,retrain_clean_dolos_three_stream_gated_logits_prior_kl,dolos_clean_retrain,dolos,fold2,42,mean,ce,0.0384615398943424,4,4,16,2.0,3,True,True,5,0.6518518518518519,0.6286307053941909,0.6255329064328494,0.635036496350365,0.6877470355731226,0.6603415559772297,0.6253652859977681,0.6605795950774116,0.6659479278828021,outputs/checkpoints/retrain_clean_dolos_three_stream_gated_logits_prior_kl/fold2_seed42_best.pt,outputs/metrics/retrain_clean_dolos_three_stream_gated_logits_prior_kl/fold2_seed42_test_metrics.json,configs/retrain_clean_dolos_three_stream_gated_logits_prior_kl.yaml,retrain gated_prior_kl fold2 on clean face cache for DOLOS ensemble comparison,auc_roc,0.6441269841269843,balanced_accuracy,0.5,0.525233119726181,gated
2026-05-21 19:33:08,train,retrain_clean_dolos_three_stream_auc,clean_cross_attention_auc,dolos,fold1,42,mean,ce,0.0408401414752006,4,4,16,2.0,3,True,True,9,0.6666666666666666,0.5743801652892562,0.5745384734054406,0.6049382716049383,0.5719844357976653,0.588,0.5739145299145298,0.5912339944119714,0.5966651105205479,outputs/checkpoints/retrain_clean_dolos_three_stream_auc/fold1_seed42_best.pt,outputs/metrics/retrain_clean_dolos_three_stream_auc/fold1_seed42_test_metrics.json,configs/retrain_clean_dolos_three_stream_auc.yaml,Clean face/flow cache cross-attention rerun for final report,auc_roc,0.5833333333333334,balanced_accuracy,0.5,0.4698400348424911,all
2026-05-21 20:53:52,train,retrain_clean_dolos_three_stream_auc,clean_cross_attention_auc,dolos,fold2,42,mean,ce,0.0384615398943424,4,4,16,2.0,3,True,True,17,0.639344262295082,0.5767634854771784,0.5825465591936069,0.6310160427807486,0.466403162055336,0.5363636363636364,0.5735253296321998,0.6572656506205015,0.6557917892908954,outputs/checkpoints/retrain_clean_dolos_three_stream_auc/fold2_seed42_best.pt,outputs/metrics/retrain_clean_dolos_three_stream_auc/fold2_seed42_test_metrics.json,configs/retrain_clean_dolos_three_stream_auc.yaml,Clean face/flow cache cross-attention rerun for final report,auc_roc,0.6596825396825395,balanced_accuracy,0.5,0.4817635662853717,all
2026-05-21 21:28:20,train,retrain_clean_dolos_three_stream_auc,clean_cross_attention_auc,dolos,fold3,42,mean,ce,0.0347305387258529,4,4,16,2.0,3,True,True,1,0.0,0.4719827586206896,0.5,0.0,0.0,0.0,0.3206442166910688,0.5692106979778213,0.5964167617870934,outputs/checkpoints/retrain_clean_dolos_three_stream_auc/fold3_seed42_best.pt,outputs/metrics/retrain_clean_dolos_three_stream_auc/fold3_seed42_test_metrics.json,configs/retrain_clean_dolos_three_stream_auc.yaml,Clean face/flow cache cross-attention rerun for final report,auc_roc,0.5453648915187377,balanced_accuracy,0.5,0.4829046696424484,all
2026-05-22 06:41:56,train,retrain_clean_dolos_three_stream_gated_logits_prior_kl_soft_face_valid,fold3_soft_face_valid,dolos,fold3,42,mean,ce,0.0347305387258529,4,4,16,2.0,3,True,True,2,0.3125,0.540948275862069,0.5565837293821638,0.6538461538461539,0.2775510204081632,0.3896848137535816,0.510904583042594,0.605721740751095,0.6306866579129412,outputs/checkpoints/retrain_clean_dolos_three_stream_gated_logits_prior_kl_soft_face_valid/fold3_seed42_best.pt,outputs/metrics/retrain_clean_dolos_three_stream_gated_logits_prior_kl_soft_face_valid/fold3_seed42_test_metrics.json,configs/retrain_clean_dolos_three_stream_gated_logits_prior_kl_soft_face_valid.yaml,Fold3 clean gated prior-KL with soft face_valid_ratio visual weighting,auc_roc,0.6466962524654831,balanced_accuracy,0.5,0.4959017783403396,gated
2026-05-22 07:22:10,train,retrain_clean_dolos_three_stream_gated_logits_prior_kl_no_visual_mask,fold3_no_visual_mask,dolos,fold3,42,mean,ce,0.0347305387258529,4,4,16,2.0,3,True,True,2,0.7475728155339806,0.5452586206896551,0.5185071288789488,0.5374449339207048,0.9959183673469388,0.698140200286123,0.3883714101867296,0.5937191314882118,0.6025702038590157,outputs/checkpoints/retrain_clean_dolos_three_stream_gated_logits_prior_kl_no_visual_mask/fold3_seed42_best.pt,outputs/metrics/retrain_clean_dolos_three_stream_gated_logits_prior_kl_no_visual_mask/fold3_seed42_test_metrics.json,configs/retrain_clean_dolos_three_stream_gated_logits_prior_kl_no_visual_mask.yaml,Fold3 clean gated prior-KL with face_valid visual mask disabled,auc_roc,0.5848126232741618,balanced_accuracy,0.5,0.5054704092797779,gated
2026-05-22 08:00:16,train,retrain_clean_dolos_three_stream_gated_logits_prior_kl_soft_face_valid,fold1_soft_face_valid,dolos,fold1,42,mean,ce,0.0408401414752006,4,4,16,2.0,3,True,True,2,0.7166666666666667,0.5681818181818182,0.5563602392910403,0.5714285714285714,0.7470817120622568,0.6475548060708263,0.5451107363687464,0.5959306810195582,0.6208544229843171,outputs/checkpoints/retrain_clean_dolos_three_stream_gated_logits_prior_kl_soft_face_valid/fold1_seed42_best.pt,outputs/metrics/retrain_clean_dolos_three_stream_gated_logits_prior_kl_soft_face_valid/fold1_seed42_test_metrics.json,configs/retrain_clean_dolos_three_stream_gated_logits_prior_kl_soft_face_valid.yaml,Fold1 clean gated prior-KL with soft face_valid_ratio visual weighting,auc_roc,0.5817307692307693,balanced_accuracy,0.5,0.5120029257876533,gated
2026-05-22 20:13:36,train,retrain_clean_dolos_three_stream_gated_logits_prior_kl_soft_face_valid,fold2_soft_face_valid,dolos,fold2,42,mean,ce,0.0384615398943424,4,4,16,2.0,3,True,True,1,0.7597765363128491,0.5456431535269709,0.5243195194780538,0.5379464285714286,0.9525691699604744,0.6875891583452212,0.427444769286679,0.6225037540777051,0.6399021753616114,outputs/checkpoints/retrain_clean_dolos_three_stream_gated_logits_prior_kl_soft_face_valid/fold2_seed42_best.pt,outputs/metrics/retrain_clean_dolos_three_stream_gated_logits_prior_kl_soft_face_valid/fold2_seed42_test_metrics.json,configs/retrain_clean_dolos_three_stream_gated_logits_prior_kl_soft_face_valid.yaml,Fold2 clean gated prior-KL with soft face_valid_ratio visual weighting,auc_roc,0.6365079365079366,balanced_accuracy,0.5,0.5139301737149556,gated
2026-05-22 21:46:17,train,retrain_clean_dolos_three_stream_gated_logits_prior_kl_temporal_mask,dolos_temporal_mask,dolos,fold1,42,mean,ce,0.0408401414752006,4,4,16,2.0,3,True,True,6,0.7107438016528925,0.6157024793388429,0.6070210322425822,0.6134185303514377,0.7470817120622568,0.6736842105263158,0.6031737635546152,0.6550677934143541,0.6551179188647496,outputs/checkpoints/retrain_clean_dolos_three_stream_gated_logits_prior_kl_temporal_mask/fold1_seed42_best.pt,outputs/metrics/retrain_clean_dolos_three_stream_gated_logits_prior_kl_temporal_mask/fold1_seed42_test_metrics.json,configs/retrain_clean_dolos_three_stream_gated_logits_prior_kl_temporal_mask.yaml,gated prior-KL with frame-level face_valid temporal mask,auc_roc,0.6458333333333333,balanced_accuracy,0.5,0.5262111377503191,gated
2026-05-22 23:06:03,train,retrain_clean_dolos_three_stream_gated_logits_prior_kl_temporal_mask,dolos_temporal_mask,dolos,fold3,42,mean,ce,0.0347305387258529,4,4,16,2.0,3,True,True,12,0.7623762376237624,0.5560344827586207,0.5308918087783059,0.54421768707483,0.979591836734694,0.6997084548104956,0.424234392694504,0.6545522318516449,0.6654877669268124,outputs/checkpoints/retrain_clean_dolos_three_stream_gated_logits_prior_kl_temporal_mask/fold3_seed42_best.pt,outputs/metrics/retrain_clean_dolos_three_stream_gated_logits_prior_kl_temporal_mask/fold3_seed42_test_metrics.json,configs/retrain_clean_dolos_three_stream_gated_logits_prior_kl_temporal_mask.yaml,gated prior-KL with frame-level face_valid temporal mask,auc_roc,0.6163708086785009,balanced_accuracy,0.5,0.5459980191662908,gated
2026-05-22 23:46:09,train,retrain_clean_dolos_three_stream_gated_logits_prior_kl_temporal_mask,dolos_temporal_mask,dolos,fold2,42,mean,ce,0.0384615398943424,4,4,16,2.0,3,True,True,1,0.7570621468926554,0.553941908713693,0.533467386989316,0.5431818181818182,0.9446640316205532,0.6897546897546898,0.448198378087677,0.6216925280908573,0.6344061611536739,outputs/checkpoints/retrain_clean_dolos_three_stream_gated_logits_prior_kl_temporal_mask/fold2_seed42_best.pt,outputs/metrics/retrain_clean_dolos_three_stream_gated_logits_prior_kl_temporal_mask/fold2_seed42_test_metrics.json,configs/retrain_clean_dolos_three_stream_gated_logits_prior_kl_temporal_mask.yaml,gated prior-KL with frame-level face_valid temporal mask,auc_roc,0.6374603174603176,balanced_accuracy,0.5,0.5139600109486353,gated
2026-05-23 09:24:19,train,retrain_clean_dolos_three_stream_auc_local_attention,dolos_local_attention,dolos,fold3,42,mean,ce,0.0347305387258529,4,4,16,2.0,3,True,True,1,0.0,0.4719827586206896,0.5,0.0,0.0,0.0,0.3206442166910688,0.5560339204174821,0.5693905372978163,outputs/checkpoints/retrain_clean_dolos_three_stream_auc_local_attention/fold3_seed42_best.pt,outputs/metrics/retrain_clean_dolos_three_stream_auc_local_attention/fold3_seed42_test_metrics.json,configs/retrain_clean_dolos_three_stream_auc_local_attention.yaml,cross-attention with temporal PE and local attention radius 2,auc_roc,0.5237919132149902,balanced_accuracy,0.5,0.4791228963269127,all
2026-05-23 12:13:00,train,retrain_clean_dolos_three_stream_auc_soft_temporal_penalty,dolos_soft_temporal_penalty,dolos,fold3,42,mean,ce,0.0347305387258529,4,4,16,2.0,3,True,True,21,0.5454545454545454,0.5926724137931034,0.6009598359891901,0.6686746987951807,0.4530612244897959,0.5401459854014599,0.5872876928941535,0.6434069518218246,0.6315108111478223,outputs/checkpoints/retrain_clean_dolos_three_stream_auc_soft_temporal_penalty/fold3_seed42_best.pt,outputs/metrics/retrain_clean_dolos_three_stream_auc_soft_temporal_penalty/fold3_seed42_test_metrics.json,configs/retrain_clean_dolos_three_stream_auc_soft_temporal_penalty.yaml,cross-attention with temporal PE and Gaussian temporal attention penalty sigma 6,auc_roc,0.6017011834319527,balanced_accuracy,0.5,0.4210688717663288,all
2026-05-23 13:12:21,train,retrain_clean_dolos_three_stream_auc_soft_temporal_penalty,dolos_soft_temporal_penalty,dolos,fold2,42,mean,ce,0.0384615398943424,4,4,16,2.0,3,True,True,8,0.7567567567567568,0.5228215767634855,0.4982308369435766,0.524008350730689,0.9920948616600792,0.6857923497267759,0.3472065196909741,0.6473410773771511,0.6466974777862713,outputs/checkpoints/retrain_clean_dolos_three_stream_auc_soft_temporal_penalty/fold2_seed42_best.pt,outputs/metrics/retrain_clean_dolos_three_stream_auc_soft_temporal_penalty/fold2_seed42_test_metrics.json,configs/retrain_clean_dolos_three_stream_auc_soft_temporal_penalty.yaml,cross-attention with temporal PE and Gaussian temporal attention penalty sigma 6,auc_roc,0.6977777777777778,balanced_accuracy,0.5,0.5115958352883657,all
2026-05-23 13:59:26,train,retrain_clean_dolos_three_stream_auc_soft_temporal_penalty,dolos_soft_temporal_penalty,dolos,fold1,42,mean,ce,0.0408401414752006,4,4,16,2.0,3,True,True,1,0.0,0.4690082644628099,0.5,0.0,0.0,0.0,0.3192686357243319,0.5686419033579596,0.5903661125871127,outputs/checkpoints/retrain_clean_dolos_three_stream_auc_soft_temporal_penalty/fold1_seed42_best.pt,outputs/metrics/retrain_clean_dolos_three_stream_auc_soft_temporal_penalty/fold1_seed42_test_metrics.json,configs/retrain_clean_dolos_three_stream_auc_soft_temporal_penalty.yaml,cross-attention with temporal PE and Gaussian temporal attention penalty sigma 6,auc_roc,0.5678418803418803,balanced_accuracy,0.5,0.4961623946825663,all
2026-06-02 21:27:51,train,paper_ablation_static,paper_single_stream,dolos,fold1,42,mean,ce,0.0408401414752006,4,4,16,2.0,3,True,True,6,0.6774193548387096,0.6301652892561983,0.6185827662455647,0.6160714285714286,0.8054474708171206,0.6981450252951096,0.6104058459808881,0.6636726717975968,0.6700070342030846,outputs/checkpoints/paper_ablation_static/fold1_seed42_best.pt,outputs/metrics/paper_ablation_static/fold1_seed42_test_metrics.json,configs/paper_ablation_static.yaml,"ICDSAIA ablation: static/spatial-only clean protocol, Fold1-Fold2 mean.",auc_roc,0.5833333333333334,balanced_accuracy,0.5,0.7389559149742126,spatial
2026-06-02 21:46:01,train,paper_ablation_flow,paper_single_stream,dolos,fold1,42,mean,ce,0.0408401414752006,4,4,16,2.0,3,True,True,1,0.0377358490566037,0.4710743801652892,0.5016884074118514,0.6666666666666666,0.0077821011673151,0.0153846153846153,0.3269013472403302,0.5416873789403315,0.556323548086882,outputs/checkpoints/paper_ablation_flow/fold1_seed42_best.pt,outputs/metrics/paper_ablation_flow/fold1_seed42_test_metrics.json,configs/paper_ablation_flow.yaml,"ICDSAIA ablation: optical-flow-only clean protocol, Fold1-Fold2 mean.",auc_roc,0.6356837606837606,balanced_accuracy,0.5,0.4948515754843515,flow
2026-06-02 22:22:43,train,paper_ablation_audio,paper_single_stream,dolos,fold1,42,mean,ce,0.0408401414752006,4,4,16,2.0,3,True,True,14,0.7286821705426356,0.5578512396694215,0.5417473731123262,0.5582655826558266,0.8015564202334631,0.65814696485623,0.5162079853520916,0.5651451001902672,0.5724628359487967,outputs/checkpoints/paper_ablation_audio/fold1_seed42_best.pt,outputs/metrics/paper_ablation_audio/fold1_seed42_test_metrics.json,configs/paper_ablation_audio.yaml,"ICDSAIA ablation: audio-only clean protocol, Fold1-Fold2 mean.",auc_roc,0.6383547008547008,balanced_accuracy,0.5,0.5270727244871003,audio
2026-06-02 22:52:04,train,paper_ablation_static,paper_single_stream,dolos,fold2,42,mean,ce,0.0384615398943424,4,4,16,2.0,3,True,True,5,0.6938775510204082,0.6058091286307054,0.5998584669554861,0.6046511627906976,0.7193675889328063,0.6570397111913358,0.5968125385224972,0.6627025907451197,0.6658817893696233,outputs/checkpoints/paper_ablation_static/fold2_seed42_best.pt,outputs/metrics/paper_ablation_static/fold2_seed42_test_metrics.json,configs/paper_ablation_static.yaml,"ICDSAIA ablation: static/spatial-only clean protocol, Fold1-Fold2 mean.",auc_roc,0.6387301587301588,balanced_accuracy,0.5,0.5984081791506873,spatial
2026-06-02 23:24:26,train,paper_ablation_flow,paper_single_stream,dolos,fold2,42,mean,ce,0.0384615398943424,4,4,16,2.0,3,True,True,10,0.7567567567567568,0.524896265560166,0.5004142430571138,0.5251046025104602,0.9920948616600792,0.6867305061559508,0.3519489440650998,0.6162383278388595,0.6296717408447701,outputs/checkpoints/paper_ablation_flow/fold2_seed42_best.pt,outputs/metrics/paper_ablation_flow/fold2_seed42_test_metrics.json,configs/paper_ablation_flow.yaml,"ICDSAIA ablation: optical-flow-only clean protocol, Fold1-Fold2 mean.",auc_roc,0.6933333333333334,balanced_accuracy,0.5,0.5158035904169083,flow
2026-06-02 23:59:06,train,paper_ablation_audio,paper_single_stream,dolos,fold2,42,mean,ce,0.0384615398943424,4,4,16,2.0,3,True,True,12,0.7567567567567568,0.524896265560166,0.5,0.524896265560166,1.0,0.6884353741496598,0.3442176870748299,0.6091961958679255,0.6080000326661721,outputs/checkpoints/paper_ablation_audio/fold2_seed42_best.pt,outputs/metrics/paper_ablation_audio/fold2_seed42_test_metrics.json,configs/paper_ablation_audio.yaml,"ICDSAIA ablation: audio-only clean protocol, Fold1-Fold2 mean.",auc_roc,0.6868253968253968,balanced_accuracy,0.5,0.5197368140021961,audio
2026-06-03 00:33:27,train,paper_gated_prior_kl,paper_gated_prior_kl_multiseed,dolos,fold1,42,mean,ce,0.0408401414752006,4,4,16,2.0,3,True,True,2,0.3235294117647059,0.5227272727272727,0.5436414748281595,0.6625,0.2062256809338521,0.314540059347181,0.4742272404501356,0.5761668866452974,0.6171750195746815,outputs/checkpoints/paper_gated_prior_kl/fold1_seed42_best.pt,outputs/metrics/paper_gated_prior_kl/fold1_seed42_test_metrics.json,configs/paper_gated_prior_kl.yaml,ICDSAIA main model: gated logits with temporal face-valid mask and Prior-KL.,auc_roc,0.592948717948718,balanced_accuracy,0.5,0.4651874606808026,gated
2026-06-03 01:18:25,train,paper_gated_no_prior,paper_gated_no_prior_multiseed,dolos,fold1,42,mean,ce,0.0408401414752006,4,4,16,2.0,3,True,True,6,0.6885245901639344,0.6342975206611571,0.6235022883491318,0.6212121212121212,0.7976653696498055,0.6984667802385008,0.6169499255523213,0.6590445499580041,0.6646607816234081,outputs/checkpoints/paper_gated_no_prior/fold1_seed42_best.pt,outputs/metrics/paper_gated_no_prior/fold1_seed42_test_metrics.json,configs/paper_gated_no_prior.yaml,ICDSAIA baseline: identical gated logits temporal-mask model without Prior-KL regularizer.,auc_roc,0.5902777777777778,balanced_accuracy,0.5,0.6806080614527066,gated
2026-06-03 02:20:10,train,paper_gated_prior_kl,paper_gated_prior_kl_multiseed,dolos,fold2,42,mean,ce,0.0384615398943424,4,4,16,2.0,3,True,True,12,0.6666666666666666,0.6639004149377593,0.6605795950774117,0.6642599277978339,0.7272727272727273,0.6943396226415094,0.6605338666202938,0.7052660648635587,0.7352993532523828,outputs/checkpoints/paper_gated_prior_kl/fold2_seed42_best.pt,outputs/metrics/paper_gated_prior_kl/fold2_seed42_test_metrics.json,configs/paper_gated_prior_kl.yaml,ICDSAIA main model: gated logits with temporal face-valid mask and Prior-KL.,auc_roc,0.6476190476190475,balanced_accuracy,0.5,0.5132594766716163,gated
2026-06-03 03:03:04,train,paper_gated_no_prior,paper_gated_no_prior_multiseed,dolos,fold2,42,mean,ce,0.0384615398943424,4,4,16,2.0,3,True,True,5,0.6821705426356589,0.6327800829875518,0.6317638124169356,0.6496062992125984,0.6521739130434783,0.650887573964497,0.6317895200238239,0.6583185183906658,0.6531402144259221,outputs/checkpoints/paper_gated_no_prior/fold2_seed42_best.pt,outputs/metrics/paper_gated_no_prior/fold2_seed42_test_metrics.json,configs/paper_gated_no_prior.yaml,ICDSAIA baseline: identical gated logits temporal-mask model without Prior-KL regularizer.,auc_roc,0.648888888888889,balanced_accuracy,0.5,0.5502059786092668,gated
2026-06-03 04:32:26,train,paper_gated_prior_kl,paper_gated_prior_kl_multiseed,dolos,fold3,42,mean,ce,0.0347305387258529,4,4,16,2.0,3,True,True,21,0.6451612903225806,0.603448275862069,0.5992917715031219,0.6133828996282528,0.673469387755102,0.642023346303502,0.5987894509295288,0.6601248718665548,0.6801150966265728,outputs/checkpoints/paper_gated_prior_kl/fold3_seed42_best.pt,outputs/metrics/paper_gated_prior_kl/fold3_seed42_test_metrics.json,configs/paper_gated_prior_kl.yaml,ICDSAIA main model: gated logits with temporal face-valid mask and Prior-KL.,auc_roc,0.6094674556213018,balanced_accuracy,0.5,0.4893256194889545,gated
2026-06-03 06:46:44,train,paper_gated_no_prior,paper_gated_no_prior_multiseed,dolos,fold3,42,mean,ce,0.0347305387258529,4,4,16,2.0,3,True,True,37,0.6832298136645962,0.6702586206896551,0.6625570776255708,0.6533333333333333,0.8,0.7192660550458716,0.65989412412868,0.7208647842698723,0.7159624688573711,outputs/checkpoints/paper_gated_no_prior/fold3_seed42_best.pt,outputs/metrics/paper_gated_no_prior/fold3_seed42_test_metrics.json,configs/paper_gated_no_prior.yaml,ICDSAIA baseline: identical gated logits temporal-mask model without Prior-KL regularizer.,auc_roc,0.5959072978303748,balanced_accuracy,0.5,0.3006032906012565,gated
2026-06-03 07:23:48,train,paper_gated_prior_kl,paper_gated_prior_kl_multiseed,dolos,fold1,123,mean,ce,0.0408401414752006,4,4,16,2.0,3,True,True,3,0.734375,0.5805785123966942,0.5634052692024203,0.5714285714285714,0.8404669260700389,0.6803149606299213,0.5353526755101559,0.6148374157938943,0.6206010625622224,outputs/checkpoints/paper_gated_prior_kl/fold1_seed123_best.pt,outputs/metrics/paper_gated_prior_kl/fold1_seed123_test_metrics.json,configs/paper_gated_prior_kl.yaml,ICDSAIA main model: gated logits with temporal face-valid mask and Prior-KL.,auc_roc,0.5710470085470085,balanced_accuracy,0.5,0.5308023641506832,gated
2026-06-03 07:58:09,train,paper_gated_no_prior,paper_gated_no_prior_multiseed,dolos,fold1,123,mean,ce,0.0408401414752006,4,4,16,2.0,3,True,True,2,0.7407407407407407,0.5392561983471075,0.5134386945268175,0.5382882882882883,0.9299610894941636,0.68188302425107,0.4233385158708533,0.5826119748367301,0.5957690110649532,outputs/checkpoints/paper_gated_no_prior/fold1_seed123_best.pt,outputs/metrics/paper_gated_no_prior/fold1_seed123_test_metrics.json,configs/paper_gated_no_prior.yaml,ICDSAIA baseline: identical gated logits temporal-mask model without Prior-KL regularizer.,auc_roc,0.593482905982906,balanced_accuracy,0.5,0.547983815272649,gated
2026-06-03 08:30:18,train,paper_gated_prior_kl,paper_gated_prior_kl_multiseed,dolos,fold2,123,mean,ce,0.0384615398943424,4,4,16,2.0,3,True,True,1,0.7567567567567568,0.524896265560166,0.5,0.524896265560166,1.0,0.6884353741496598,0.3442176870748299,0.6193969311493519,0.6167290629727307,outputs/checkpoints/paper_gated_prior_kl/fold2_seed123_best.pt,outputs/metrics/paper_gated_prior_kl/fold2_seed123_test_metrics.json,configs/paper_gated_prior_kl.yaml,ICDSAIA main model: gated logits with temporal face-valid mask and Prior-KL.,auc_roc,0.6234920634920635,balanced_accuracy,0.5,0.546492155960628,gated
2026-06-03 09:02:27,train,paper_gated_no_prior,paper_gated_no_prior_multiseed,dolos,fold2,123,mean,ce,0.0384615398943424,4,4,16,2.0,3,True,True,1,0.7567567567567568,0.524896265560166,0.5,0.524896265560166,1.0,0.6884353741496598,0.3442176870748299,0.6369073303760981,0.642675950249656,outputs/checkpoints/paper_gated_no_prior/fold2_seed123_best.pt,outputs/metrics/paper_gated_no_prior/fold2_seed123_test_metrics.json,configs/paper_gated_no_prior.yaml,ICDSAIA baseline: identical gated logits temporal-mask model without Prior-KL regularizer.,auc_roc,0.6304761904761905,balanced_accuracy,0.5,0.5439099967479706,gated
2026-06-03 09:47:08,train,paper_gated_prior_kl,paper_gated_prior_kl_multiseed,dolos,fold3,123,mean,ce,0.0347305387258529,4,4,16,2.0,3,True,True,5,0.6369426751592356,0.6163793103448276,0.6156555772994129,0.6390041493775933,0.6285714285714286,0.6337448559670782,0.6155149619201907,0.6438542540303793,0.6577405847748132,outputs/checkpoints/paper_gated_prior_kl/fold3_seed123_best.pt,outputs/metrics/paper_gated_prior_kl/fold3_seed123_test_metrics.json,configs/paper_gated_prior_kl.yaml,ICDSAIA main model: gated logits with temporal face-valid mask and Prior-KL.,auc_roc,0.5890039447731755,balanced_accuracy,0.5,0.4816991530358791,gated
2026-06-03 10:26:09,train,paper_gated_no_prior,paper_gated_no_prior_multiseed,dolos,fold3,123,mean,ce,0.0347305387258529,4,4,16,2.0,3,True,True,3,0.7243243243243244,0.5926724137931034,0.5784269872332495,0.5795454545454546,0.8326530612244898,0.6834170854271356,0.556210053287586,0.6248811853508526,0.6435311554636125,outputs/checkpoints/paper_gated_no_prior/fold3_seed123_best.pt,outputs/metrics/paper_gated_no_prior/fold3_seed123_test_metrics.json,configs/paper_gated_no_prior.yaml,ICDSAIA baseline: identical gated logits temporal-mask model without Prior-KL regularizer.,auc_roc,0.5759368836291914,balanced_accuracy,0.5,0.5604185710350673,gated
2026-06-03 11:45:32,train,paper_gated_prior_kl,paper_gated_prior_kl_multiseed,dolos,fold1,2025,mean,ce,0.0408401414752006,4,4,16,2.0,3,True,True,19,0.6415094339622641,0.621900826446281,0.6203140266374123,0.6434108527131783,0.6459143968871596,0.6446601941747573,0.6203433421204912,0.6841392550437957,0.7052841889435431,outputs/checkpoints/paper_gated_prior_kl/fold1_seed2025_best.pt,outputs/metrics/paper_gated_prior_kl/fold1_seed2025_test_metrics.json,configs/paper_gated_prior_kl.yaml,ICDSAIA main model: gated logits with temporal face-valid mask and Prior-KL.,auc_roc,0.5811965811965812,balanced_accuracy,0.5,0.6019741122921307,gated
2026-06-03 12:49:04,train,paper_gated_no_prior,paper_gated_no_prior_multiseed,dolos,fold1,2025,mean,ce,0.0408401414752006,4,4,16,2.0,3,True,True,13,0.6666666666666666,0.6363636363636364,0.631875760640395,0.6441281138790036,0.7042801556420234,0.6728624535315985,0.6317800639751016,0.6672380397332831,0.6787665805230144,outputs/checkpoints/paper_gated_no_prior/fold1_seed2025_best.pt,outputs/metrics/paper_gated_no_prior/fold1_seed2025_test_metrics.json,configs/paper_gated_no_prior.yaml,ICDSAIA baseline: identical gated logits temporal-mask model without Prior-KL regularizer.,auc_roc,0.5988247863247863,balanced_accuracy,0.5,0.6273470759391785,gated
2026-06-03 13:37:21,train,paper_gated_prior_kl,paper_gated_prior_kl_multiseed,dolos,fold2,2025,mean,ce,0.0384615398943424,4,4,16,2.0,3,True,True,7,0.7096774193548387,0.6244813278008299,0.6118456254207156,0.5983606557377049,0.8656126482213439,0.7075928917609047,0.5914776053007422,0.6844158309888326,0.6972056974116192,outputs/checkpoints/paper_gated_prior_kl/fold2_seed2025_best.pt,outputs/metrics/paper_gated_prior_kl/fold2_seed2025_test_metrics.json,configs/paper_gated_prior_kl.yaml,ICDSAIA main model: gated logits with temporal face-valid mask and Prior-KL.,auc_roc,0.6333333333333333,balanced_accuracy,0.5,0.5341214120388031,gated
2026-06-03 14:12:14,train,paper_gated_no_prior,paper_gated_no_prior_multiseed,dolos,fold2,2025,mean,ce,0.0384615398943424,4,4,16,2.0,3,True,True,2,0.7472527472527473,0.533195020746888,0.509562110568376,0.5297872340425532,0.984189723320158,0.6887966804979253,0.3775933609958506,0.6387973143241797,0.6372196375126251,outputs/checkpoints/paper_gated_no_prior/fold2_seed2025_best.pt,outputs/metrics/paper_gated_no_prior/fold2_seed2025_test_metrics.json,configs/paper_gated_no_prior.yaml,ICDSAIA baseline: identical gated logits temporal-mask model without Prior-KL regularizer.,auc_roc,0.653015873015873,balanced_accuracy,0.5,0.5300074766079585,gated
2026-06-03 14:45:43,train,paper_gated_prior_kl,paper_gated_prior_kl_multiseed,dolos,fold3,2025,mean,ce,0.0347305387258529,4,4,16,2.0,3,True,True,1,0.75,0.5280172413793104,0.5,0.5280172413793104,1.0,0.691114245416079,0.3455571227080395,0.5858540676544591,0.6019233849321118,outputs/checkpoints/paper_gated_prior_kl/fold3_seed2025_best.pt,outputs/metrics/paper_gated_prior_kl/fold3_seed2025_test_metrics.json,configs/paper_gated_prior_kl.yaml,ICDSAIA main model: gated logits with temporal face-valid mask and Prior-KL.,auc_roc,0.5485700197238659,balanced_accuracy,0.5,0.5617849417030811,gated
2026-06-03 15:19:10,train,paper_gated_no_prior,paper_gated_no_prior_multiseed,dolos,fold3,2025,mean,ce,0.0347305387258529,4,4,16,2.0,3,True,True,1,0.75,0.5280172413793104,0.5,0.5280172413793104,1.0,0.691114245416079,0.3455571227080395,0.5889851831143416,0.605637067145822,outputs/checkpoints/paper_gated_no_prior/fold3_seed2025_best.pt,outputs/metrics/paper_gated_no_prior/fold3_seed2025_test_metrics.json,configs/paper_gated_no_prior.yaml,ICDSAIA baseline: identical gated logits temporal-mask model without Prior-KL regularizer.,auc_roc,0.5576923076923077,balanced_accuracy,0.5,0.5673290317257245,gated
2026-06-03 20:43:07,train,paper_gated_neutral_no_prior,paper_gated_neutral_no_prior_multiseed,dolos,fold1,42,mean,ce,0.0408401414752006,4,4,16,2.0,3,True,True,6,0.6610169491525424,0.6363636363636364,0.6290474639606438,0.6336633663366337,0.7470817120622568,0.6857142857142857,0.6271708683473389,0.6658153207974083,0.6641564632269923,outputs/checkpoints/paper_gated_neutral_no_prior/fold1_seed42_best.pt,outputs/metrics/paper_gated_neutral_no_prior/fold1_seed42_test_metrics.json,configs/paper_gated_neutral_no_prior.yaml,ICDSAIA baseline: gated logits temporal-mask model with uniform gate initialization and no Prior-KL regularizer.,auc_roc,0.5854700854700855,balanced_accuracy,0.5,0.6784574225544929,gated
2026-06-03 21:18:40,train,paper_gated_neutral_no_prior,paper_gated_neutral_no_prior_multiseed,dolos,fold2,42,mean,ce,0.0384615398943424,4,4,16,2.0,3,True,True,1,0.6,0.5850622406639004,0.5904516975335278,0.6387434554973822,0.4822134387351778,0.5495495495495496,0.5824670824670826,0.6179470804494537,0.6182181482481319,outputs/checkpoints/paper_gated_neutral_no_prior/fold2_seed42_best.pt,outputs/metrics/paper_gated_neutral_no_prior/fold2_seed42_test_metrics.json,configs/paper_gated_neutral_no_prior.yaml,ICDSAIA baseline: gated logits temporal-mask model with uniform gate initialization and no Prior-KL regularizer.,auc_roc,0.6422222222222221,balanced_accuracy,0.5,0.5046621243158976,gated
2026-06-03 21:59:37,train,paper_gated_neutral_no_prior,paper_gated_neutral_no_prior_multiseed,dolos,fold3,42,mean,ce,0.0347305387258529,4,4,16,2.0,3,True,True,2,0.0,0.4741379310344827,0.5010716615413289,0.5555555555555556,0.0204081632653061,0.0393700787401574,0.3386761372929274,0.61312086478427,0.6005777324328523,outputs/checkpoints/paper_gated_neutral_no_prior/fold3_seed42_best.pt,outputs/metrics/paper_gated_neutral_no_prior/fold3_seed42_test_metrics.json,configs/paper_gated_neutral_no_prior.yaml,ICDSAIA baseline: gated logits temporal-mask model with uniform gate initialization and no Prior-KL regularizer.,auc_roc,0.5564595660749507,balanced_accuracy,0.5,0.4518776118755341,gated
2026-06-03 22:38:16,train,paper_gated_neutral_no_prior,paper_gated_neutral_no_prior_multiseed,dolos,fold1,123,mean,ce,0.0408401414752006,4,4,16,2.0,3,True,True,2,0.7445255474452555,0.5371900826446281,0.507636401035328,0.5348837209302325,0.9844357976653696,0.6931506849315069,0.3759871071716358,0.5781895473011194,0.5850526513601376,outputs/checkpoints/paper_gated_neutral_no_prior/fold1_seed123_best.pt,outputs/metrics/paper_gated_neutral_no_prior/fold1_seed123_test_metrics.json,configs/paper_gated_neutral_no_prior.yaml,ICDSAIA baseline: gated logits temporal-mask model with uniform gate initialization and no Prior-KL regularizer.,auc_roc,0.6303418803418803,balanced_accuracy,0.5,0.5484310649335384,gated
2026-06-03 23:27:14,train,paper_gated_neutral_no_prior,paper_gated_neutral_no_prior_multiseed,dolos,fold2,123,mean,ce,0.0384615398943424,4,4,16,2.0,3,True,True,6,0.6721311475409836,0.6120331950207469,0.6144864249098159,0.65,0.5652173913043478,0.6046511627906976,0.6118978828210107,0.6406614080811917,0.6488822564048538,outputs/checkpoints/paper_gated_neutral_no_prior/fold2_seed123_best.pt,outputs/metrics/paper_gated_neutral_no_prior/fold2_seed123_test_metrics.json,configs/paper_gated_neutral_no_prior.yaml,ICDSAIA baseline: gated logits temporal-mask model with uniform gate initialization and no Prior-KL regularizer.,auc_roc,0.6647619047619048,balanced_accuracy,0.5,0.5065302096662068,gated
2026-06-04 00:07:12,train,paper_gated_neutral_no_prior,paper_gated_neutral_no_prior_multiseed,dolos,fold3,123,mean,ce,0.0347305387258529,4,4,16,2.0,3,True,True,2,0.0,0.4719827586206896,0.5,0.0,0.0,0.0,0.3206442166910688,0.5819588109216289,0.5934524878011349,outputs/checkpoints/paper_gated_neutral_no_prior/fold3_seed123_best.pt,outputs/metrics/paper_gated_neutral_no_prior/fold3_seed123_test_metrics.json,configs/paper_gated_neutral_no_prior.yaml,ICDSAIA baseline: gated logits temporal-mask model with uniform gate initialization and no Prior-KL regularizer.,auc_roc,0.5727317554240632,balanced_accuracy,0.5,0.4632079616189003,gated
2026-06-04 01:17:06,train,paper_gated_neutral_no_prior,paper_gated_neutral_no_prior_multiseed,dolos,fold1,2025,mean,ce,0.0408401414752006,4,4,16,2.0,3,True,True,13,0.6842105263157895,0.6136363636363636,0.6107321003102556,0.6305970149253731,0.6575875486381323,0.6438095238095238,0.6108438138234977,0.6660381562933886,0.6793635396908286,outputs/checkpoints/paper_gated_neutral_no_prior/fold1_seed2025_best.pt,outputs/metrics/paper_gated_neutral_no_prior/fold1_seed2025_test_metrics.json,configs/paper_gated_neutral_no_prior.yaml,ICDSAIA baseline: gated logits temporal-mask model with uniform gate initialization and no Prior-KL regularizer.,auc_roc,0.6388888888888888,balanced_accuracy,0.5,0.6263624019920826,gated
2026-06-04 01:55:28,train,paper_gated_neutral_no_prior,paper_gated_neutral_no_prior_multiseed,dolos,fold2,2025,mean,ce,0.0384615398943424,4,4,16,2.0,3,True,True,2,0.7555555555555555,0.553941908713693,0.5320175362894178,0.5418502202643172,0.9723320158102768,0.695898161244696,0.4296611428791573,0.6167561316602517,0.6158714860095704,outputs/checkpoints/paper_gated_neutral_no_prior/fold2_seed2025_best.pt,outputs/metrics/paper_gated_neutral_no_prior/fold2_seed2025_test_metrics.json,configs/paper_gated_neutral_no_prior.yaml,ICDSAIA baseline: gated logits temporal-mask model with uniform gate initialization and no Prior-KL regularizer.,auc_roc,0.647936507936508,balanced_accuracy,0.5,0.5341861993074417,gated
2026-06-04 02:41:36,train,paper_gated_neutral_no_prior,paper_gated_neutral_no_prior_multiseed,dolos,fold3,2025,mean,ce,0.0347305387258529,4,4,16,2.0,3,True,True,4,0.6419753086419753,0.584051724137931,0.5792284036902432,0.5948905109489051,0.6653061224489796,0.628131021194605,0.5781241903039039,0.5903830025160749,0.6230913357245083,outputs/checkpoints/paper_gated_neutral_no_prior/fold3_seed2025_best.pt,outputs/metrics/paper_gated_neutral_no_prior/fold3_seed2025_test_metrics.json,configs/paper_gated_neutral_no_prior.yaml,ICDSAIA baseline: gated logits temporal-mask model with uniform gate initialization and no Prior-KL regularizer.,auc_roc,0.5387080867850099,balanced_accuracy,0.5,0.5529655188322067,gated
2026-06-04 21:53:57,train,paper_gated_adaptive_prior_kl,paper_gated_adaptive_prior_kl,dolos,fold1,42,mean,ce,0.0408401414752006,4,4,16,2.0,3,True,True,6,0.6776859504132231,0.628099173553719,0.6189513018735323,0.6214511041009464,0.7665369649805448,0.686411149825784,0.6147791789738057,0.6583246198940674,0.6641140691769418,outputs/checkpoints/paper_gated_adaptive_prior_kl/fold1_seed42_best.pt,outputs/metrics/paper_gated_adaptive_prior_kl/fold1_seed42_test_metrics.json,configs/paper_gated_adaptive_prior_kl.yaml,ICDSAIA adaptive prior: face-valid-conditioned Prior-KL for gated logit fusion.,auc_roc,0.5918803418803419,balanced_accuracy,0.5,0.6231896926959355,gated
2026-06-04 22:33:41,train,paper_gated_adaptive_prior_kl,paper_gated_adaptive_prior_kl,dolos,fold2,42,mean,ce,0.0384615398943424,4,4,16,2.0,3,True,True,1,0.5607476635514018,0.5705394190871369,0.578688920724235,0.6402439024390244,0.4150197628458498,0.5035971223021583,0.5625846671839858,0.6127863023629114,0.6139345466381951,outputs/checkpoints/paper_gated_adaptive_prior_kl/fold2_seed42_best.pt,outputs/metrics/paper_gated_adaptive_prior_kl/fold2_seed42_test_metrics.json,configs/paper_gated_adaptive_prior_kl.yaml,ICDSAIA adaptive prior: face-valid-conditioned Prior-KL for gated logit fusion.,auc_roc,0.6441269841269841,balanced_accuracy,0.5,0.5007602423429489,gated
2026-06-04 23:18:36,train,paper_gated_adaptive_prior_kl,paper_gated_adaptive_prior_kl,dolos,fold3,42,mean,ce,0.0347305387258529,4,4,16,2.0,3,True,True,2,0.073170731707317,0.4698275862068966,0.495536296710465,0.4736842105263157,0.036734693877551,0.0681818181818181,0.3488499452354874,0.6032802161960675,0.5994510090776883,outputs/checkpoints/paper_gated_adaptive_prior_kl/fold3_seed42_best.pt,outputs/metrics/paper_gated_adaptive_prior_kl/fold3_seed42_test_metrics.json,configs/paper_gated_adaptive_prior_kl.yaml,ICDSAIA adaptive prior: face-valid-conditioned Prior-KL for gated logit fusion.,auc_roc,0.5872781065088758,balanced_accuracy,0.5,0.473723088701566,gated
2026-06-05 00:16:05,train,paper_gated_reliability_confidence,paper_gated_reliability_confidence,dolos,fold1,42,mean,ce,0.0408401414752006,4,4,16,2.0,3,True,True,6,0.7096774193548387,0.6301652892561983,0.6203825914054063,0.6211180124223602,0.7782101167315175,0.690846286701209,0.6153460225279823,0.6613243284938035,0.6658503658016468,outputs/checkpoints/paper_gated_reliability_confidence/fold1_seed42_best.pt,outputs/metrics/paper_gated_reliability_confidence/fold1_seed42_test_metrics.json,configs/paper_gated_reliability_confidence.yaml,ICDSAIA reliability-confidence voting: modality weight equals reliability times stream confidence.,auc_roc,0.5849358974358975,balanced_accuracy,0.5,0.708860470354557,gated
2026-06-05 00:52:07,train,paper_gated_reliability_confidence,paper_gated_reliability_confidence,dolos,fold2,42,mean,ce,0.0384615398943424,4,4,16,2.0,3,True,True,1,0.7582417582417582,0.5435684647302904,0.5211005057217323,0.5359477124183006,0.9723320158102768,0.6910112359550562,0.4089976814695916,0.5833060047983154,0.5969701168454467,outputs/checkpoints/paper_gated_reliability_confidence/fold2_seed42_best.pt,outputs/metrics/paper_gated_reliability_confidence/fold2_seed42_test_metrics.json,configs/paper_gated_reliability_confidence.yaml,ICDSAIA reliability-confidence voting: modality weight equals reliability times stream confidence.,auc_roc,0.6387301587301588,balanced_accuracy,0.5,0.5270331760247549,gated
2026-06-05 01:32:47,train,paper_gated_reliability_confidence,paper_gated_reliability_confidence,dolos,fold3,42,mean,ce,0.0347305387258529,4,4,16,2.0,3,True,True,2,0.7182320441988951,0.5581896551724138,0.5421395955642532,0.5546448087431693,0.8285714285714286,0.6644844517184942,0.5088983772788055,0.5734787065511137,0.603021613830707,outputs/checkpoints/paper_gated_reliability_confidence/fold3_seed42_best.pt,outputs/metrics/paper_gated_reliability_confidence/fold3_seed42_test_metrics.json,configs/paper_gated_reliability_confidence.yaml,ICDSAIA reliability-confidence voting: modality weight equals reliability times stream confidence.,auc_roc,0.5697731755424063,balanced_accuracy,0.5,0.530773001909256,gated
2026-06-05 07:51:31,train,paper_gated_reliability_confidence_g05_floor005,paper_gated_reliability_confidence_g05_floor005,dolos,fold1,42,mean,ce,0.0408401414752006,4,4,16,2.0,3,True,True,22,0.6666666666666666,0.6322314049586777,0.6328699497763075,0.6639004149377593,0.622568093385214,0.642570281124498,0.6319234384345894,0.7010061879703113,0.7035260752000294,outputs/checkpoints/paper_gated_reliability_confidence_g05_floor005/fold1_seed42_best.pt,outputs/metrics/paper_gated_reliability_confidence_g05_floor005/fold1_seed42_test_metrics.json,configs/paper_gated_reliability_confidence_g05_floor005.yaml,ICDSAIA softened reliability-confidence voting: gamma=0.5 floor=0.05.,auc_roc,0.6009615384615384,balanced_accuracy,0.5,0.6496869966387748,gated
2026-06-05 08:27:27,train,paper_gated_reliability_confidence_g05_floor005,paper_gated_reliability_confidence_g05_floor005,dolos,fold2,42,mean,ce,0.0384615398943424,4,4,16,2.0,3,True,True,1,0.6956521739130435,0.5560165975103735,0.5429000466023439,0.5528455284552846,0.8063241106719368,0.6559485530546624,0.5151087794513078,0.60491568427775,0.6151716292719649,outputs/checkpoints/paper_gated_reliability_confidence_g05_floor005/fold2_seed42_best.pt,outputs/metrics/paper_gated_reliability_confidence_g05_floor005/fold2_seed42_test_metrics.json,configs/paper_gated_reliability_confidence_g05_floor005.yaml,ICDSAIA softened reliability-confidence voting: gamma=0.5 floor=0.05.,auc_roc,0.6384126984126985,balanced_accuracy,0.5,0.5175580382347107,gated
2026-06-05 10:38:26,train,paper_gated_reliability_confidence_g05_floor005,paper_gated_reliability_confidence_g05_floor005,dolos,fold3,42,mean,ce,0.0347305387258529,4,4,16,2.0,3,True,True,31,0.6142857142857143,0.6271551724137931,0.6319168763395769,0.6836734693877551,0.5469387755102041,0.6077097505668935,0.6262368054682517,0.7102040816326529,0.679296346296098,outputs/checkpoints/paper_gated_reliability_confidence_g05_floor005/fold3_seed42_best.pt,outputs/metrics/paper_gated_reliability_confidence_g05_floor005/fold3_seed42_test_metrics.json,configs/paper_gated_reliability_confidence_g05_floor005.yaml,ICDSAIA softened reliability-confidence voting: gamma=0.5 floor=0.05.,auc_roc,0.6037968441814596,balanced_accuracy,0.5,0.4889183225110173,gated
2026-06-05 11:29:01,train,paper_gated_reliability_confidence_g025_floor005,paper_gated_reliability_confidence_g025_floor005,dolos,fold1,42,mean,ce,0.0408401414752006,4,4,16,2.0,3,True,True,6,0.7244094488188977,0.6198347107438017,0.6088551397864208,0.6102719033232629,0.7859922178988327,0.6870748299319728,0.6014321518080916,0.6636212482216014,0.6778020705282587,outputs/checkpoints/paper_gated_reliability_confidence_g025_floor005/fold1_seed42_best.pt,outputs/metrics/paper_gated_reliability_confidence_g025_floor005/fold1_seed42_test_metrics.json,configs/paper_gated_reliability_confidence_g025_floor005.yaml,ICDSAIA softened reliability-confidence voting: gamma=0.25 floor=0.05.,auc_roc,0.5940170940170941,balanced_accuracy,0.5,0.6399613661425454,gated
2026-06-05 12:05:00,train,paper_gated_reliability_confidence_g025_floor005,paper_gated_reliability_confidence_g025_floor005,dolos,fold2,42,mean,ce,0.0384615398943424,4,4,16,2.0,3,True,True,1,0.7027027027027027,0.5622406639004149,0.5544211816283204,0.5660377358490566,0.7114624505928854,0.6304728546409807,0.5467885901703631,0.6063655349776482,0.6168877723085517,outputs/checkpoints/paper_gated_reliability_confidence_g025_floor005/fold2_seed42_best.pt,outputs/metrics/paper_gated_reliability_confidence_g025_floor005/fold2_seed42_test_metrics.json,configs/paper_gated_reliability_confidence_g025_floor005.yaml,ICDSAIA softened reliability-confidence voting: gamma=0.25 floor=0.05.,auc_roc,0.6384126984126984,balanced_accuracy,0.5,0.5131946131587029,gated
2026-06-05 12:45:30,train,paper_gated_reliability_confidence_g025_floor005,paper_gated_reliability_confidence_g025_floor005,dolos,fold3,42,mean,ce,0.0347305387258529,4,4,16,2.0,3,True,True,2,0.74,0.5495689655172413,0.5279191128506197,0.5436893203883495,0.9142857142857144,0.6818873668188736,0.4553348273208759,0.5647935886683442,0.6015735566012511,outputs/checkpoints/paper_gated_reliability_confidence_g025_floor005/fold3_seed42_best.pt,outputs/metrics/paper_gated_reliability_confidence_g025_floor005/fold3_seed42_test_metrics.json,configs/paper_gated_reliability_confidence_g025_floor005.yaml,ICDSAIA softened reliability-confidence voting: gamma=0.25 floor=0.05.,auc_roc,0.5670611439842209,balanced_accuracy,0.5,0.5218923389911652,gated
2026-06-05 23:40:17,train,paper_gated_vote_score_sum_g05_floor005,paper_gated_vote_score_sum_g05_floor005,dolos,fold1,42,mean,ce,0.0408401414752006,4,4,16,2.0,3,True,True,22,0.6796116504854369,0.628099173553719,0.6323214316323558,0.6807511737089202,0.5642023346303502,0.6170212765957447,0.6277877467316073,0.6853905620596856,0.7052497798310795,outputs/checkpoints/paper_gated_vote_score_sum_g05_floor005/fold1_seed42_best.pt,outputs/metrics/paper_gated_vote_score_sum_g05_floor005/fold1_seed42_test_metrics.json,configs/paper_gated_vote_score_sum_g05_floor005.yaml,"ICDSAIA vote-score-sum fusion: sum reliability-weighted support by predicted class, gamma=0.5 floor=0.05.",auc_roc,0.638888888888889,balanced_accuracy,0.5,0.52938853080074,gated
2026-06-06 00:40:21,train,paper_gated_vote_score_sum_g05_floor005,paper_gated_vote_score_sum_g05_floor005,dolos,fold2,42,mean,ce,0.0384615398943424,4,4,16,2.0,3,True,True,9,0.7843137254901961,0.6514522821576764,0.6445794569963926,0.6366559485530546,0.782608695652174,0.7021276595744681,0.641063829787234,0.6936672592643734,0.7092578607236679,outputs/checkpoints/paper_gated_vote_score_sum_g05_floor005/fold2_seed42_best.pt,outputs/metrics/paper_gated_vote_score_sum_g05_floor005/fold2_seed42_test_metrics.json,configs/paper_gated_vote_score_sum_g05_floor005.yaml,"ICDSAIA vote-score-sum fusion: sum reliability-weighted support by predicted class, gamma=0.5 floor=0.05.",auc_roc,0.6815873015873015,balanced_accuracy,0.5,0.5578118223283026,gated
2026-06-06 01:36:23,train,paper_gated_vote_score_sum_g05_floor005,paper_gated_vote_score_sum_g05_floor005,dolos,fold3,42,mean,ce,0.0347305387258529,4,4,16,2.0,3,True,True,7,0.7525773195876289,0.5969827586206896,0.5796011555307055,0.5767195767195767,0.889795918367347,0.6998394863563403,0.5433623661289898,0.7015189637498834,0.6869535837247762,outputs/checkpoints/paper_gated_vote_score_sum_g05_floor005/fold3_seed42_best.pt,outputs/metrics/paper_gated_vote_score_sum_g05_floor005/fold3_seed42_test_metrics.json,configs/paper_gated_vote_score_sum_g05_floor005.yaml,"ICDSAIA vote-score-sum fusion: sum reliability-weighted support by predicted class, gamma=0.5 floor=0.05.",auc_roc,0.6646942800788955,balanced_accuracy,0.5,0.7170215112467606,gated
2026-06-06 07:10:24,train,paper_gated_vote_score_sum_g05_floor005,paper_gated_vote_score_sum_g05_floor005,dolos,fold1,123,mean,ce,0.0408401414752006,4,4,16,2.0,3,True,True,11,0.6782608695652174,0.5867768595041323,0.5810692675568659,0.5986159169550173,0.6731517509727627,0.6336996336996337,0.5798829922052671,0.6301445002485473,0.6545453792688662,outputs/checkpoints/paper_gated_vote_score_sum_g05_floor005/fold1_seed123_best.pt,outputs/metrics/paper_gated_vote_score_sum_g05_floor005/fold1_seed123_test_metrics.json,configs/paper_gated_vote_score_sum_g05_floor005.yaml,"ICDSAIA vote-score-sum fusion: sum reliability-weighted support by predicted class, gamma=0.5 floor=0.05 consensus_bonus=0.0.",auc_roc,0.6025641025641025,balanced_accuracy,0.5,0.6483221486210823,gated
2026-06-06 08:09:45,train,paper_gated_vote_score_sum_g05_floor005,paper_gated_vote_score_sum_g05_floor005,dolos,fold2,123,mean,ce,0.0384615398943424,4,4,16,2.0,3,True,True,9,0.7651006711409396,0.5954356846473029,0.5868702211022317,0.588957055214724,0.758893280632411,0.6632124352331606,0.5783594643698271,0.6668277611888774,0.6835440114981265,outputs/checkpoints/paper_gated_vote_score_sum_g05_floor005/fold2_seed123_best.pt,outputs/metrics/paper_gated_vote_score_sum_g05_floor005/fold2_seed123_test_metrics.json,configs/paper_gated_vote_score_sum_g05_floor005.yaml,"ICDSAIA vote-score-sum fusion: sum reliability-weighted support by predicted class, gamma=0.5 floor=0.05 consensus_bonus=0.0.",auc_roc,0.7368253968253968,balanced_accuracy,0.5,0.5875802613794804,gated
2026-06-06 08:56:03,train,paper_gated_vote_score_sum_g05_floor005,paper_gated_vote_score_sum_g05_floor005,dolos,fold3,123,mean,ce,0.0347305387258529,4,4,16,2.0,3,True,True,4,0.5396825396825397,0.5560344827586207,0.5650545149566676,0.6226415094339622,0.4040816326530612,0.4900990099009901,0.5484846194543118,0.5871586990960768,0.6300000556727536,outputs/checkpoints/paper_gated_vote_score_sum_g05_floor005/fold3_seed123_best.pt,outputs/metrics/paper_gated_vote_score_sum_g05_floor005/fold3_seed123_test_metrics.json,configs/paper_gated_vote_score_sum_g05_floor005.yaml,"ICDSAIA vote-score-sum fusion: sum reliability-weighted support by predicted class, gamma=0.5 floor=0.05 consensus_bonus=0.0.",auc_roc,0.5897435897435898,balanced_accuracy,0.5,0.5043040856719017,gated
2026-06-06 10:09:07,train,paper_gated_vote_score_sum_g05_floor005,paper_gated_vote_score_sum_g05_floor005,dolos,fold1,2025,mean,ce,0.0408401414752006,4,4,16,2.0,3,True,True,14,0.5681818181818182,0.5619834710743802,0.5723786832136306,0.6380368098159509,0.4046692607003891,0.4952380952380952,0.5541883906847411,0.6254992372169561,0.644720306625017,outputs/checkpoints/paper_gated_vote_score_sum_g05_floor005/fold1_seed2025_best.pt,outputs/metrics/paper_gated_vote_score_sum_g05_floor005/fold1_seed2025_test_metrics.json,configs/paper_gated_vote_score_sum_g05_floor005.yaml,"ICDSAIA vote-score-sum fusion: sum reliability-weighted support by predicted class, gamma=0.5 floor=0.05 consensus_bonus=0.0.",auc_roc,0.6282051282051282,balanced_accuracy,0.5,0.6475992184132338,gated
2026-06-06 11:11:34,train,paper_gated_vote_score_sum_g05_floor005,paper_gated_vote_score_sum_g05_floor005,dolos,fold2,2025,mean,ce,0.0384615398943424,4,4,16,2.0,3,True,True,10,0.5,0.6037344398340249,0.6119664463123737,0.6890243902439024,0.4466403162055335,0.5419664268585132,0.5963945479813589,0.6690025372387249,0.7040008508783013,outputs/checkpoints/paper_gated_vote_score_sum_g05_floor005/fold2_seed2025_best.pt,outputs/metrics/paper_gated_vote_score_sum_g05_floor005/fold2_seed2025_test_metrics.json,configs/paper_gated_vote_score_sum_g05_floor005.yaml,"ICDSAIA vote-score-sum fusion: sum reliability-weighted support by predicted class, gamma=0.5 floor=0.05 consensus_bonus=0.0.",auc_roc,0.6631746031746033,balanced_accuracy,0.5,0.3201106451451778,gated
2026-06-06 12:08:33,train,paper_gated_vote_score_sum_g05_floor005,paper_gated_vote_score_sum_g05_floor005,dolos,fold3,2025,mean,ce,0.034730538725852966,4,4,16,2.0,3,True,True,7,0.02531645569620253,0.47413793103448276,0.5020408163265306,1.0,0.004081632653061225,0.008130081300813009,0.3251794101518728,0.6859752120026092,0.7012902300604524,outputs/checkpoints/paper_gated_vote_score_sum_g05_floor005/fold3_seed2025_best.pt,outputs/metrics/paper_gated_vote_score_sum_g05_floor005/fold3_seed2025_test_metrics.json,configs/paper_gated_vote_score_sum_g05_floor005.yaml,"ICDSAIA vote-score-sum fusion: sum reliability-weighted support by predicted class, gamma=0.5 floor=0.05 consensus_bonus=0.0.",auc_roc,0.5742110453648915,balanced_accuracy,0.5,0.14210641011595726,gated
